sample,anode,state,slab,x_um,phi_ni,phi_ysz,phi_ni_conn
fine_pre,fine,pristine,0,0.25389,0.2894782523739286,0.45372114797128815,0.27106698666711304
fine_pre,fine,pristine,1,0.7616700000000001,0.30376206278927675,0.42336636080881934,0.2974501231951286
fine_pre,fine,pristine,2,1.26945,0.3534468078394208,0.4151636399573275,0.3516903839554682
fine_pre,fine,pristine,3,1.77723,0.36689618613377184,0.39574306427843453,0.36315904726096054
fine_pre,fine,pristine,4,2.28501,0.30696205384016634,0.4228534367481379,0.30422597598419293
fine_pre,fine,pristine,5,2.79279,0.3289690190165378,0.42687357514387786,0.32536704229323854
fine_pre,fine,pristine,6,3.30057,0.309250877366927,0.44395028060933783,0.30520120368754855
fine_pre,fine,pristine,7,3.8083500000000003,0.30054392403686003,0.4358797039969045,0.29283006444003357
fine_pre,fine,pristine,8,4.31613,0.32330878712512723,0.4223147196127804,0.3148843504523164
fine_pre,fine,pristine,9,4.82391,0.35037678813206313,0.3973764781323013,0.34223414381799955
fine_pre,fine,pristine,10,5.331690000000001,0.3348293584904203,0.4110511132629036,0.32845412325436013
fine_pre,fine,pristine,11,5.83947,0.3449017352260809,0.38934666343039365,0.3409207491886247
fine_pre,fine,pristine,12,6.34725,0.32697578975899855,0.4167494513036407,0.3243045366195669
fine_pre,fine,pristine,13,6.855030000000001,0.3012003799187112,0.42973471520904544,0.29792602755424674
fine_pre,fine,pristine,14,7.3628100000000005,0.2927501904100302,0.41694686288610744,0.2850855026341932
fine_pre,fine,pristine,15,7.87059,0.28432225296109326,0.44113352394724015,0.27891669247315426
fine_pre,fine,pristine,16,8.37837,0.32807507370139716,0.43322124679779583,0.32378988229022543
fine_pre,fine,pristine,17,8.886149999999999,0.3519179344036641,0.4271210438010671,0.3462988265720336
fine_pre,fine,pristine,18,9.393930000000001,0.34423944471735296,0.4154562565549015,0.3400727163511837
fine_pre,fine,pristine,19,9.901710000000001,0.35821615256495026,0.4060909158802931,0.35314010765973036
fine_pre,fine,pristine,20,10.40949,0.360381724628789,0.43513387772682294,0.3555730665897515
fine_pre,fine,pristine,21,10.91727,0.3350940493565976,0.4536972461204962,0.3310387422443725
fine_pre,fine,pristine,22,11.42505,0.32048321816450526,0.43696703701390716,0.3133639674046356
fine_pre,fine,pristine,23,11.93283,0.32284249984065433,0.4151944226439535,0.3178300322489887
fine_pre,fine,pristine,24,12.440610000000001,0.31378752107708663,0.43011666195604376,0.3084555976042137
fine_pre,fine,pristine,25,12.948390000000002,0.3023089187865006,0.43643809790841903,0.29735383173225804
fine_pre,fine,pristine,26,13.45617,0.3242356880224204,0.42215203411993224,0.32035888025382
fine_pre,fine,pristine,27,13.96395,0.3219220773911347,0.4218383323879896,0.3186711842505957
fine_pre,fine,pristine,28,14.47173,0.3083116633949835,0.4063442996419712,0.30281097836954934
fine_pre,fine,pristine,29,14.97951,0.30844364667881774,0.4073595247185376,0.3008807630822797
fine_pre,fine,pristine,30,15.487290000000002,0.3172503520090753,0.3992292739567365,0.3157074352300082
fine_pre,fine,pristine,31,15.995070000000002,0.3401918232170829,0.3988479307918289,0.3377076805257699
fine_pre,fine,pristine,32,16.502850000000002,0.3281320518507597,0.4060656459100956,0.3263462938771989
fine_pre,fine,pristine,33,17.010630000000003,0.3311437252893492,0.4042905512201372,0.32748034414802213
fine_pre,fine,pristine,34,17.51841,0.3040045015957101,0.4252142072601107,0.3001794409316861
fine_pre,fine,pristine,35,18.026190000000003,0.2947824110706291,0.4246341648709429,0.2918581765575798
fine_pre,fine,pristine,36,18.53397,0.3007272520372103,0.4262533341874691,0.2969287087463713
fine_pre,fine,pristine,37,19.04175,0.3133688765389734,0.42891010135672375,0.304443386253265
medium_pre,medium,pristine,0,0.24409999999999998,0.21470152119332447,0.3896738295672722,0.1889522227145178
medium_pre,medium,pristine,1,0.7323,0.21397097917589722,0.41569568749076946,0.20028658986855707
medium_pre,medium,pristine,2,1.2205,0.2282019642593413,0.4211004282971496,0.2155738443361394
medium_pre,medium,pristine,3,1.7087,0.21761637867375572,0.44052377787623687,0.20083547481908137
medium_pre,medium,pristine,4,2.1969000000000003,0.20872625904593117,0.4364514842711564,0.1955189041500517
medium_pre,medium,pristine,5,2.6851,0.2335206025697829,0.39295473342194653,0.22263159060700044
medium_pre,medium,pristine,6,3.1733000000000002,0.24222138531974596,0.38969775513218136,0.23159097622212377
medium_pre,medium,pristine,7,3.6615,0.25717995864717175,0.38680505095259193,0.24678481760448973
medium_pre,medium,pristine,8,4.1497,0.3017523260965884,0.3577798700339684,0.2902975188303057
medium_pre,medium,pristine,9,4.637899999999999,0.29592851868261705,0.3601150494757052,0.2873729877418402
medium_pre,medium,pristine,10,5.1261,0.25231538915965146,0.3777041795894255,0.24436346182247823
medium_pre,medium,pristine,11,5.6143,0.21469147836360952,0.400742061733865,0.2055041352828238
medium_pre,medium,pristine,12,6.1025,0.22455028799291094,0.39825343376163047,0.2158111800324915
medium_pre,medium,pristine,13,6.5907,0.26181819524442473,0.3866795894254911,0.2521958351794417
medium_pre,medium,pristine,14,7.0789,0.2632049180327869,0.41091928814059964,0.25633318564466107
medium_pre,medium,pristine,15,7.5671,0.2579895879486043,0.42099667700487375,0.2516910352975927
medium_pre,medium,pristine,16,8.0553,0.27174398168660463,0.4129516319598287,0.2666293014325801
medium_pre,medium,pristine,17,8.5435,0.2619432875498449,0.42190843302318715,0.2554647762516615
medium_pre,medium,pristine,18,9.0317,0.2201611283414562,0.435079456505686,0.2099870772411756
medium_pre,medium,pristine,19,9.5199,0.2045652045488111,0.43715278393147244,0.1944673608034264
medium_pre,medium,pristine,20,10.0081,0.2200732535814503,0.43111290798995716,0.2098394624132329
medium_pre,medium,pristine,21,10.4963,0.25709850834441,0.3874677300251071,0.24294232757347511
medium_pre,medium,pristine,22,10.9845,0.2825302761778172,0.3569637424309555,0.27171946536700636
medium_pre,medium,pristine,23,11.472700000000001,0.2918259488997194,0.3622531383842859,0.2844712745532418
medium_pre,medium,pristine,24,11.960899999999999,0.28915389159651456,0.3750011815093782,0.2803875350760597
medium_pre,medium,pristine,25,12.4491,0.26979966031605374,0.35661379412199085,0.2612185053906365
medium_pre,medium,pristine,26,12.937299999999999,0.27656306306306305,0.2822580859548073,0.2718060109289617
medium_pre,medium,pristine,27,13.4255,0.30938842120809334,0.24613823659725298,0.30153293457391817
medium_pre,medium,pristine,28,13.9137,0.33439617486338796,0.2526317382956727,0.3242373356963521
medium_pre,medium,pristine,29,14.4019,0.3048881996750849,0.2978422684980062,0.2972178407916113
medium_pre,medium,pristine,30,14.8901,0.2638235120366268,0.34070033968394625,0.25607598582188745
medium_pre,medium,pristine,31,15.3783,0.26538531974597546,0.34655759858218876,0.25708137645842566
medium_pre,medium,pristine,32,15.8665,0.28831930290946683,0.3453514251956875,0.27896315167626645
medium_pre,medium,pristine,33,16.3547,0.27966024220942254,0.36479892187269236,0.27488258750553834
medium_pre,medium,pristine,34,16.8429,0.24892209422537293,0.398457096440703,0.24542682026288584
medium_pre,medium,pristine,35,17.3311,0.22588554127898391,0.41762354157436127,0.22122995126273814
medium_pre,medium,pristine,36,17.8193,0.21766777433170875,0.4230688967656181,0.2135820410574509
medium_pre,medium,pristine,37,18.3075,0.21265256239846403,0.4218040909762221,0.2079274848619111
medium_pre,medium,pristine,38,18.7957,0.23015647614827942,0.40527772854822036,0.21817826022744055
medium_pre,medium,pristine,39,19.283900000000003,0.23624169251218433,0.38807450893516465,0.229337911682174
medium_pre,medium,pristine,40,19.7721,0.23306793678924825,0.37200287992910946,0.22982491507901345
medium_pre,medium,pristine,41,20.2603,0.21586959090237778,0.40165839610101906,0.21276783340717767
medium_pre,medium,pristine,42,20.7485,0.22733503175306455,0.4314658839167036,0.22098301580268792
medium_pre,medium,pristine,43,21.2367,0.22087313543051248,0.4397071333628711,0.20980313099985232
medium_pre,medium,pristine,44,21.7249,0.20607391818047555,0.448592157731502,0.19558440407620736
medium_pre,medium,pristine,45,22.213099999999997,0.21471961305567863,0.43659356077388867,0.19801639344262295
medium_pre,medium,pristine,46,22.7013,0.25065714074730466,0.41762797223452963,0.22108344409983754
medium_pre,medium,pristine,47,23.1895,0.26393715846994537,0.38777411017574953,0.2151688081524147
coarse_pre,coarse,pristine,0,0.24769,0.16705448290076347,0.4504037658594991,0.13306603144916548
coarse_pre,coarse,pristine,1,0.74307,0.1733104321474532,0.422175113777636,0.1477509753669324
coarse_pre,coarse,pristine,2,1.23845,0.20991691628922862,0.4031772163606742,0.18495493320457107
coarse_pre,coarse,pristine,3,1.73383,0.25987902682523073,0.38396975251862064,0.23959669296534125
coarse_pre,coarse,pristine,4,2.22921,0.27108646080725496,0.3643307748386284,0.25735430672659065
coarse_pre,coarse,pristine,5,2.72459,0.2594841097305096,0.38286174515120464,0.2527218144993019
coarse_pre,coarse,pristine,6,3.2199700000000004,0.24642480771233577,0.3806735876388218,0.24039954539926137
coarse_pre,coarse,pristine,7,3.71535,0.22596049153977976,0.3710898837862226,0.21933466028390333
coarse_pre,coarse,pristine,8,4.210730000000001,0.1982753284057002,0.39343993363790564,0.18955756540256782
coarse_pre,coarse,pristine,9,4.70611,0.18958205426805422,0.3893734164170441,0.18122625308341217
coarse_pre,coarse,pristine,10,5.20149,0.20278774325909837,0.3800414289699091,0.1955914761997359
coarse_pre,coarse,pristine,11,5.69687,0.2199136535348084,0.3909326015441277,0.2120614672344442
coarse_pre,coarse,pristine,12,6.19225,0.2489300459625963,0.39542107375208746,0.2408315144205734
coarse_pre,coarse,pristine,13,6.68763,0.26869674809715144,0.3840250117801457,0.2595670441411345
coarse_pre,coarse,pristine,14,7.18301,0.2653198336869198,0.3892445084857105,0.2553616959914003
coarse_pre,coarse,pristine,15,7.67839,0.2562890865962698,0.404202926574188,0.2491011038743024
coarse_pre,coarse,pristine,16,8.173770000000001,0.21688240537830109,0.41793826693846575,0.2145795416558333
coarse_pre,coarse,pristine,17,8.66915,0.19316188942612667,0.4087114268505753,0.19043169955275502
coarse_pre,coarse,pristine,18,9.164530000000001,0.22070658297118945,0.3462237623199932,0.21862994538527813
coarse_pre,coarse,pristine,19,9.65991,0.27910114757190624,0.262617318962648,0.27644524362506584
coarse_pre,coarse,pristine,20,10.15529,0.35107920336355025,0.17971331458706127,0.3487674180469647
coarse_pre,coarse,pristine,21,10.65067,0.3790017901451707,0.14224999326328608,0.3761497932010898
coarse_pre,coarse,pristine,22,11.14605,0.3722571560288492,0.1533054870352851,0.3680833976052256
coarse_pre,coarse,pristine,23,11.64143,0.33933492611099336,0.21944426844020676,0.33547224000471937
coarse_pre,coarse,pristine,24,12.136809999999999,0.2913701602172645,0.2856741775564737,0.28659027961368405
coarse_pre,coarse,pristine,25,12.632190000000001,0.2699399449264533,0.327148301656212,0.26048077924480345
coarse_pre,coarse,pristine,26,13.12757,0.2515646473275638,0.34371506467609514,0.24028156186888824
coarse_pre,coarse,pristine,27,13.622950000000001,0.23489701567214563,0.3743625612039564,0.22216899611309815
coarse_pre,coarse,pristine,28,14.11833,0.2293780083069145,0.3788486664583747,0.21870823692549485
coarse_pre,coarse,pristine,29,14.613710000000001,0.21359288617575323,0.38689630849925677,0.20528032741157973
coarse_pre,coarse,pristine,30,15.10909,0.20314797538077,0.3724834732020803,0.1921555700243177
coarse_pre,coarse,pristine,31,15.604470000000001,0.1982837037797699,0.3953132863292775,0.18530032634827137
coarse_pre,coarse,pristine,32,16.09985,0.18545499765853674,0.4222634193520665,0.17511487007609938
coarse_pre,coarse,pristine,33,16.59523,0.19881417448307556,0.39997472821911145,0.18852657506192314
coarse_pre,coarse,pristine,34,17.09061,0.19505636262602208,0.39528770502369504,0.18162162536150664
coarse_pre,coarse,pristine,35,17.585990000000002,0.15338705589578996,0.43676729132391356,0.1367716792916327
coarse_pre,coarse,pristine,36,18.08137,0.13519182883939893,0.45529298150935893,0.11472705748346956
coarse_pre,coarse,pristine,37,18.57675,0.15270555534920577,0.47899401561315386,0.12405176199663091
coarse_pre,coarse,pristine,38,19.07213,0.16160921524201555,0.4932867735364398,0.12938214137194454
coarse_pre,coarse,pristine,39,19.567510000000002,0.15770474330206768,0.5156684131142335,0.12128042354630818
coarse_pre,coarse,pristine,40,20.06289,0.16663170858359316,0.5356265653756209,0.12312236858491865
coarse_pre,coarse,pristine,41,20.55827,0.21028934732530608,0.5243954618581823,0.14814161373794402
coarse_pre,coarse,pristine,42,21.05365,0.23334429414896368,0.4981188181546065,0.1751959837532309
fine_post,fine,degraded,0,0.25389,0.23685966961455032,0.2951567098820552,0.13730737486114042
fine_post,fine,degraded,1,0.7616700000000001,0.20959243962831295,0.34747749266673617,0.1336138749116461
fine_post,fine,degraded,2,1.26945,0.18986409932958517,0.3325955237675526,0.12178914616071691
fine_post,fine,degraded,3,1.77723,0.2130587571824612,0.338588243742793,0.14621700000211216
fine_post,fine,degraded,4,2.28501,0.21750543169065822,0.31746984785799365,0.15535647881078435
fine_post,fine,degraded,5,2.79279,0.2031491443417668,0.3425322220674679,0.14019390206916757
fine_post,fine,degraded,6,3.30057,0.1789991028252246,0.3361166334662716,0.11147405902567639
fine_post,fine,degraded,7,3.8083500000000003,0.16973059534957574,0.3200673185482343,0.10898188616428772
fine_post,fine,degraded,8,4.31613,0.21271223724774957,0.3098875344640726,0.1445447213856722
fine_post,fine,degraded,9,4.82391,0.22962499436237288,0.3081928295843786,0.17111040070452013
fine_post,fine,degraded,10,5.331690000000001,0.2653061110387038,0.30132834298242467,0.2107712783305517
fine_post,fine,degraded,11,5.83947,0.29912156140466184,0.2774428195515766,0.23084918257202278
fine_post,fine,degraded,12,6.34725,0.3011447706613288,0.2837387600003429,0.2302287019144574
fine_post,fine,degraded,13,6.855030000000001,0.26274131684284435,0.3176967817628882,0.20249430987927217
fine_post,fine,degraded,14,7.3628100000000005,0.22361947712887673,0.3134246096743048,0.1684468315541624
fine_post,fine,degraded,15,7.87059,0.22859003163159203,0.29967271322623973,0.17042146092754776
fine_post,fine,degraded,16,8.37837,0.23879864060813566,0.3181491586299678,0.17642909032988224
fine_post,fine,degraded,17,8.886149999999999,0.22461201011505233,0.3299244377810349,0.1691829845169327
fine_post,fine,degraded,18,9.393930000000001,0.19714194979772257,0.3410599161419273,0.15684033954232282
fine_post,fine,degraded,19,9.901710000000001,0.1880070059397915,0.3223062175168622,0.14258102559215585
fine_post,fine,degraded,20,10.40949,0.19294295814712598,0.3084593977162982,0.1386903484693423
fine_post,fine,degraded,21,10.91727,0.16576412863903395,0.30868086483125823,0.11816534778288743
fine_post,fine,degraded,22,11.42505,0.15886578521305386,0.35579533779729866,0.10832264099627774
fine_post,fine,degraded,23,11.93283,0.17894375157713782,0.34945410996373405,0.11422590440895365
fine_post,fine,degraded,24,12.440610000000001,0.2045653535478659,0.3111178728123988,0.13177392736301063
fine_post,fine,degraded,25,12.948390000000002,0.25355766885640596,0.3064672497660773,0.16894194877891172
fine_post,fine,degraded,26,13.45617,0.22933252110087732,0.292938125007843,0.15987055635396918
fine_post,fine,degraded,27,13.96395,0.22126801198568843,0.3014710386242376,0.1606522451919893
fine_post,fine,degraded,28,14.47173,0.2369926120061392,0.30540060450272155,0.1866515526491008
fine_post,fine,degraded,29,14.97951,0.22388821955224755,0.3336470111133627,0.17132938291496447
fine_post,fine,degraded,30,15.487290000000002,0.23219966605368214,0.3196013989515442,0.14217393610987453
fine_post,fine,degraded,31,15.995070000000002,0.22825109065565324,0.29476744958967394,0.12120991491811184
fine_post,fine,degraded,32,16.502850000000002,0.18933549801648708,0.29538917269949716,0.10021756581487039
fine_post,fine,degraded,33,17.010630000000003,0.17919839216738218,0.30555261853646826,0.10005902890676999
fine_post,fine,degraded,34,17.51841,0.2016606244142614,0.3298554816807248,0.12030373236385612
fine_post,fine,degraded,35,18.026190000000003,0.21826171238000552,0.3095069713374961,0.13926982820239894
fine_post,fine,degraded,36,18.53397,0.21793184130554896,0.28540762187307384,0.14970549532906285
fine_post,fine,degraded,37,19.04175,0.217049948692934,0.2905805097259784,0.14899965820138386
fine_post,fine,degraded,38,19.54953,0.237313723792178,0.29641115180418354,0.14903568931686123
fine_post,fine,degraded,39,20.05731,0.23463766799662897,0.27288159094520675,0.12625992424271604
fine_post,fine,degraded,40,20.56509,0.25377267521962515,0.30702598054642805,0.1361571746834449
fine_post,fine,degraded,41,21.07287,0.2750155026980472,0.28220197080262044,0.14926479751320695
fine_post,fine,degraded,42,21.580650000000002,0.2795695250813216,0.28555199482543486,0.146304530763677
fine_post,fine,degraded,43,22.08843,0.24404706955831693,0.30102766953602733,0.13726208747634217
fine_post,fine,degraded,44,22.596210000000003,0.20708088451170198,0.34912076002295556,0.11464020011433046
medium_post,medium,degraded,0,0.2506,0.2051264804167281,0.42763050395596836,0.12588123699772308
medium_post,medium,degraded,1,0.7517999999999999,0.2170228983406228,0.42290985838779954,0.12456375825183874
medium_post,medium,degraded,2,1.253,0.22913651571739807,0.398849349681393,0.11895854833161335
medium_post,medium,degraded,3,1.7541999999999998,0.23467292618801908,0.4008875333759235,0.12734087055874982
medium_post,medium,degraded,4,2.2554,0.24634717922256621,0.3764034780578898,0.13270645977689322
medium_post,medium,degraded,5,2.7565999999999997,0.22305098940160858,0.3946430619031238,0.11763344226579521
medium_post,medium,degraded,6,3.2577999999999996,0.197880168149131,0.41204968098350453,0.1067171605484299
medium_post,medium,degraded,7,3.7589999999999995,0.16821716259603256,0.41311627721263944,0.09962431610070929
medium_post,medium,degraded,8,4.2602,0.18362450243255196,0.36704634339115766,0.12863485306403263
medium_post,medium,degraded,9,4.7614,0.2007116954969122,0.3406458855472013,0.1582165687912592
medium_post,medium,degraded,10,5.262599999999999,0.20428348239880748,0.3527064188248399,0.17752290243582813
medium_post,medium,degraded,11,5.763799999999999,0.19944269374416435,0.4261145613216047,0.17727606393434567
medium_post,medium,degraded,12,6.264999999999999,0.1954350234245745,0.4637308139630121,0.16920528445296248
medium_post,medium,degraded,13,6.7661999999999995,0.165635391583534,0.4258685930512556,0.14343328705751307
medium_post,medium,degraded,14,7.267399999999999,0.16182894941602372,0.40586223524497517,0.14104194309302667
medium_post,medium,degraded,15,7.768599999999999,0.17312224597441317,0.39724177682769013,0.15997233688797155
medium_post,medium,degraded,16,8.2698,0.19412425057742394,0.3915596794273265,0.1818946365095746
medium_post,medium,degraded,17,8.771,0.22916231551099972,0.3852713380673907,0.2186290890625256
medium_post,medium,degraded,18,9.2722,0.2704671707864432,0.37080093002113124,0.2631390567923076
medium_post,medium,degraded,19,9.773399999999999,0.3284606532671548,0.3217649925467263,0.32510007658033974
medium_post,medium,degraded,20,10.274599999999998,0.36526707905384376,0.2728344042295281,0.3575406551509493
medium_post,medium,degraded,21,10.775799999999998,0.3577422928235622,0.28061293962029255,0.3473196881091618
medium_post,medium,degraded,22,11.277,0.34681884449686307,0.2654054458040526,0.3346593608203515
medium_post,medium,degraded,23,11.778199999999998,0.3742448953265517,0.22261147148918048,0.3648177838386817
medium_post,medium,degraded,24,12.279399999999999,0.3824492808819434,0.20867953175422216,0.37519354964207907
medium_post,medium,degraded,25,12.780599999999998,0.3700225338673481,0.2647358285419431,0.3564761577145478
medium_post,medium,degraded,26,13.281799999999999,0.3251398000720756,0.3147587616918112,0.30454982431569116
medium_post,medium,degraded,27,13.782999999999998,0.24091924050321883,0.35757587391681817,0.22237302815863189
medium_post,medium,degraded,28,14.284199999999998,0.2036258436122987,0.38225225031533083,0.1836115001556178
medium_post,medium,degraded,29,14.7854,0.17917501064753386,0.39070326961193835,0.15621693121693123
medium_post,medium,degraded,30,15.286599999999998,0.15477541893950564,0.4266299429128376,0.1281493664717349
medium_post,medium,degraded,31,15.787799999999999,0.15371501670843776,0.45111451013153797,0.10876425131456091
medium_post,medium,degraded,32,16.288999999999998,0.1533297090766131,0.44675373073205893,0.11021415876292037
medium_post,medium,degraded,33,16.7902,0.17541550977115994,0.42847795550968926,0.13885269751175325
medium_post,medium,degraded,34,17.2914,0.19500216022081346,0.4124594574671974,0.16123130538765212
medium_post,medium,degraded,35,17.7926,0.19477912510033252,0.4187409905482661,0.15558401723262405
medium_post,medium,degraded,36,18.2938,0.20614715915606008,0.424260354726686,0.1584471288515406
medium_post,medium,degraded,37,18.795,0.23274009165069537,0.39861111111111114,0.17424781316035187
medium_post,medium,degraded,38,19.296199999999995,0.2426070793814602,0.3908534100774813,0.18121365505266435
medium_post,medium,degraded,39,19.797399999999996,0.23025706627680312,0.4066960702409619,0.17672838141104394
medium_post,medium,degraded,40,20.298599999999997,0.20799983004897865,0.40872437425262503,0.16527455280357758
medium_post,medium,degraded,41,20.799799999999998,0.22569372778351107,0.3977848010549249,0.18462250397234917
medium_post,medium,degraded,42,21.301,0.2559693248644487,0.39803742403394105,0.21132989745605846
medium_post,medium,degraded,43,21.802199999999996,0.26407040886530053,0.37664258685930513,0.21068085860075025
medium_post,medium,degraded,44,22.303399999999996,0.23519173751371894,0.3429570658672826,0.18052289629302012
medium_post,medium,degraded,45,22.804599999999997,0.22631625018428425,0.3472740265696922,0.17138997411830229
medium_post,medium,degraded,46,23.305799999999998,0.23479844423149376,0.3624452266286632,0.1629504725866955
coarse_post,coarse,degraded,0,0.2506,0.04464851007887818,0.19627094653812446,0.0219193689745837
coarse_post,coarse,degraded,1,0.7517999999999999,0.10024373356704645,0.26973602103418054,0.06423584574934268
coarse_post,coarse,degraded,2,1.253,0.1613963190184049,0.32424171779141103,0.11319347063978966
coarse_post,coarse,degraded,3,1.7541999999999998,0.20354478527607361,0.3529725241016652,0.1406717791411043
coarse_post,coarse,degraded,4,2.2554,0.23583023663453112,0.3685703330411919,0.15639347063978964
coarse_post,coarse,degraded,5,2.7565999999999997,0.25445477651183174,0.3870819456617003,0.16478054338299736
coarse_post,coarse,degraded,6,3.2577999999999996,0.2615130148992112,0.40191928133216476,0.17142099035933392
coarse_post,coarse,degraded,7,3.7589999999999995,0.2808233128834356,0.3960947414548642,0.18154106047326907
coarse_post,coarse,degraded,8,4.2602,0.2877152936021034,0.38267686240140225,0.18020753724802804
coarse_post,coarse,degraded,9,4.7614,0.2799116564417178,0.35660438212094653,0.175329754601227
coarse_post,coarse,degraded,10,5.262599999999999,0.27071327782646804,0.3282448729184925,0.17039180543382998
coarse_post,coarse,degraded,11,5.763799999999999,0.2298968448729185,0.3298471078001753,0.14997765118317266
coarse_post,coarse,degraded,12,6.264999999999999,0.18441691498685364,0.3359440403155127,0.1387660823838738
coarse_post,coarse,degraded,13,6.7661999999999995,0.1515768185801928,0.3854170902716915,0.1339312445223488
coarse_post,coarse,degraded,14,7.267399999999999,0.14943400525854514,0.4407724364592463,0.14552865907099036
coarse_post,coarse,degraded,15,7.768599999999999,0.16040433829973708,0.45756993865030676,0.15540499561787904
coarse_post,coarse,degraded,16,8.2698,0.1457168273444347,0.4362640666082384,0.1398059158632778
coarse_post,coarse,degraded,17,8.771,0.14665942156003506,0.410330981595092,0.14448514460999123
coarse_post,coarse,degraded,18,9.2722,0.19461875547765117,0.3494844434706398,0.19144233128834356
coarse_post,coarse,degraded,19,9.773399999999999,0.24394338299737073,0.31123637160385625,0.2396840490797546
coarse_post,coarse,degraded,20,10.274599999999998,0.28959452234881683,0.29831450482033306,0.28400661700262925
coarse_post,coarse,degraded,21,10.775799999999998,0.3585035495179667,0.26809259421560033,0.35462830850131466
coarse_post,coarse,degraded,22,11.277,0.4310500438212095,0.18952028921998249,0.42838155127081506
coarse_post,coarse,degraded,23,11.778199999999998,0.48480078878177035,0.13048978965819458,0.48450297984224366
coarse_post,coarse,degraded,24,12.279399999999999,0.4940883435582822,0.08945311130587204,0.49387883435582824
coarse_post,coarse,degraded,25,12.780599999999998,0.48974062226117443,0.059271078001752846,0.48934509202453985
coarse_post,coarse,degraded,26,13.281799999999999,0.4654795793163891,0.08445994741454864,0.46506362839614374
coarse_post,coarse,degraded,27,13.782999999999998,0.38870539000876425,0.17114224364592462,0.38842274320771253
coarse_post,coarse,degraded,28,14.284199999999998,0.3001520157756354,0.2737019281332165,0.299665819456617
coarse_post,coarse,degraded,29,14.7854,0.2292636722173532,0.33126178790534616,0.2288175723049956
coarse_post,coarse,degraded,30,15.286599999999998,0.19180446976336546,0.3547666082383874,0.19049171779141105
coarse_post,coarse,degraded,31,15.787799999999999,0.18325438212094655,0.38464145486415424,0.18004991235758108
coarse_post,coarse,degraded,32,16.288999999999998,0.20151323400525856,0.3849163014899211,0.19496612620508327
coarse_post,coarse,degraded,33,16.7902,0.22235701139351446,0.3982812445223488,0.21568764241893076
coarse_post,coarse,degraded,34,17.2914,0.24184408413672218,0.38668409290096406,0.23872870289219983
coarse_post,coarse,degraded,35,17.7926,0.2515629272567923,0.3446558720420684,0.24876371603856268
coarse_post,coarse,degraded,36,18.2938,0.2559957055214724,0.2911558282208589,0.25203676599474145
coarse_post,coarse,degraded,37,18.795,0.2454068361086766,0.30159842243645923,0.23987388255915865
coarse_post,coarse,degraded,38,19.296199999999995,0.2438526730937774,0.28629491673970203,0.23643917616126206
coarse_post,coarse,degraded,39,19.797399999999996,0.24108943908851885,0.2776415425065732,0.23072002629272567
coarse_post,coarse,degraded,40,20.298599999999997,0.23005727432077125,0.29241971954425944,0.22050376862401402
coarse_post,coarse,degraded,41,20.799799999999998,0.20880552147239265,0.33458019281332163,0.20164851007887818
coarse_post,coarse,degraded,42,21.301,0.18138790534618757,0.37227129710780016,0.178379754601227
coarse_post,coarse,degraded,43,21.802199999999996,0.17112611744084136,0.38919539877300613,0.16552892199824715
coarse_post,coarse,degraded,44,22.303399999999996,0.17731954425942156,0.41037791411042945,0.15268943908851884
coarse_post,coarse,degraded,45,22.804599999999997,0.18472616126205083,0.40632309377738823,0.1356068361086766
coarse_post,coarse,degraded,46,23.305799999999998,0.2001210341805434,0.405610078878177,0.1283286152497809
coarse_post,coarse,degraded,47,23.806999999999995,0.20319079754601227,0.3835333041191937,0.12003321647677476
