analog,struct_seed,neck_scale_solved,ni_solve_iters,ni_solve_failure,phi_ni,phi_ni_target,phi_ni_dev_pct,phi_ysz,phi_ysz_target,phi_ysz_dev_pct,ysz_solve_iters,n_ni_particles,n_ni_necks,n_ysz_grains,n_candidate_contacts,n_sintered_contacts,mean_coord_sintered,snow_node_d_volwt_nm,snow_n_nodes,ysz_grain_d_nm,r_ysz_vox,gap_vox,p_sinter,lattice,a_ysz_vox,w_ysz_vox,ysz_jitter,ni_jitter,pitch_vox,R_ni_vox,geom_rng_seed,width_seed_accepted,width_draw_attempts,ysz_geom_seed,ysz_sinter_seed,shape_z,shape_y,shape_x,domain_voxels,voxel_nm,axis,connectivity,neck_p10_vox,neck_p50_vox,ni_P_span,ni_n_clusters,ni_percolates,ysz_P_span,ysz_P_reach,ysz_P_largest,ysz_n_clusters,ysz_percolates,Q_ysz,ysz_edt_mean_nm,ysz_edt_p50_nm,filt_n,filt_threshold_vox,seconds,G1a_phi_ni,G1b_phi_ysz,G1c_ni_perc,G1d_ysz_perc,G1e_particles,G1f_neck_p10
fine,0,0.747,8,,0.3206914310760465,0.322,-0.40638786458184306,0.42109832712396816,0.421,0.023355611393866563,9,288,732,792,3494,3332,8.414141414141413,463.1117005641849,288,521.0178864001786,13.025447160004465,2.2333769274529693,0.955,FCC,40.0,8.0,0.02,0.15,24,10.5,999,0,1,91000,98717,169,180,180,5475600,20.0,0,6,4.0,11.0,1.0,1,True,0.9986889389469703,0.9997853208001158,0.9986889389469703,231,True,0.001311061053029694,57.43296986428636,44.721359549995796,1,925.6920492817753,95.2,True,True,True,True,True,True
fine,1,0.747,8,,0.3204213236905545,0.322,-0.49027214579053596,0.4209113156549054,0.421,-0.021065165105598475,11,288,732,792,3492,3321,8.386363636363637,462.49506458657646,288,521.2742925229932,13.031857313074829,2.220556621312241,0.955,FCC,40.0,8.0,0.02,0.15,24,10.5,1000,1,1,91001,98718,169,180,180,5475600,20.0,0,6,4.0,11.0,1.0,1,True,0.9990805912332053,0.9996498523478984,0.9990805912332053,351,True,0.0009194087667947493,57.375634859661865,44.721359549995796,0,927.059391606047,90.0,True,True,True,True,True,True
fine,2,0.747,8,,0.32137208707721526,0.322,-0.1950040132871881,0.4209449192782526,0.421,-0.013083306828353734,12,288,732,792,3469,3303,8.340909090909092,462.5540176016229,289,521.658901707215,13.041472542680376,2.2013261621011466,0.955,FCC,40.0,8.0,0.02,0.15,24,10.5,1001,2,1,91002,98719,169,180,180,5475600,20.0,0,6,4.0,11.0,1.0,1,True,0.9992307779078374,0.9996910963735929,0.9992307779078374,276,True,0.0007692220921625692,57.24829930074769,44.721359549995796,0,929.1129286885739,110.2,True,True,True,True,True,True
fine,3,0.7579374999999999,8,,0.3229733727810651,0.322,0.30228968356058195,0.420928117466579,0.421,-0.017074235966982695,11,288,732,792,3503,3333,8.416666666666666,464.37886165563253,288,521.2742925229932,13.031857313074829,2.220556621312241,0.955,FCC,40.0,8.0,0.02,0.15,24,10.5,1002,3,1,91003,98720,169,180,180,5475600,20.0,0,6,4.0,11.0,1.0,1,True,0.99933227295328,0.9997479211084183,0.99933227295328,279,True,0.0006677270467200236,57.185317979981114,44.721359549995796,0,927.059391606047,85.1,True,True,True,True,True,True
fine,4,0.747,8,,0.32102892833662067,0.322,-0.30157505073892593,0.42107239389290674,0.421,0.01719569902773218,11,288,732,792,3500,3346,8.44949494949495,462.4761784804009,289,520.761480277364,13.019037006934099,2.2461972335937013,0.955,FCC,40.0,8.0,0.02,0.15,24,10.5,1003,4,1,91004,98721,169,180,180,5475600,20.0,0,6,4.0,11.0,1.0,1,True,0.9990258602443417,0.9996512874605746,0.9990258602443417,251,True,0.0009741397556582987,57.32832787148442,44.721359549995796,0,924.3260521031227,83.5,True,True,True,True,True,True
medium,0,0.807,8,,0.2499507200685634,0.25,-0.019711972574643077,0.3879062150870051,0.388,-0.024171369328579266,12,175,430,665,2920,1524,4.583458646616541,534.5060541460634,175,556.5284259939505,13.91321064984876,4.700490634883664,0.523,FCC,46.0,10.0,0.02,0.15,30,12.1,999,0,1,91137,98717,181,190,190,6534100,20.0,0,6,4.0,12.0,1.0,1,True,0.9882787070872219,0.9976315957670939,0.9882787070872219,215,True,0.011721292912778125,64.58645159754569,48.98979485566356,5,1128.159983176152,95.7,True,True,True,True,True,True
medium,1,0.7933281250000002,8,,0.2495075067721645,0.25,-0.1969972911342044,0.3880352305596792,0.388,0.009080041154430177,9,175,430,665,2909,1514,4.553383458646617,533.5974413737904,176,558.1663080020028,13.95415770005007,4.618596534481046,0.523,FCC,46.0,10.0,0.02,0.15,30,12.1,1000,1,1,91138,98718,181,190,190,6534100,20.0,0,6,4.0,12.0,1.0,1,True,0.9900842489787853,0.9925670321886236,0.9900842489787853,184,True,0.00991575102121467,64.66123238263961,48.98979485566356,6,1138.1499655606046,111.6,True,True,True,True,True,True
medium,2,0.7960625000000001,8,,0.2493235487672365,0.25,-0.270580493105399,0.38802956795886195,0.388,0.007620607954108869,12,175,430,665,2883,1538,4.625563909774436,533.0531529466509,176,558.3152063663713,13.95788015915928,4.6111516162626245,0.523,FCC,46.0,10.0,0.02,0.15,30,12.1,1001,2,1,91139,98719,181,190,190,6534100,20.0,0,6,4.0,12.0,1.0,1,True,0.9904501180078756,0.9984771777817044,0.9904501180078756,238,True,0.009549881992124365,64.58911067950748,48.98979485566356,8,1139.0610589636601,105.0,True,True,True,True,True,True
medium,3,0.7933281250000002,8,,0.24886242940879386,0.25,-0.4550282364824576,0.38793621156700997,0.388,-0.0164403177809386,8,175,430,665,2892,1555,4.676691729323308,533.6691241664786,175,556.9751210870556,13.924378027176392,4.6781558802284025,0.523,FCC,46.0,10.0,0.02,0.15,30,12.1,1002,3,1,91140,98720,181,190,190,6534100,20.0,0,6,4.0,12.0,1.0,1,True,0.9910068352155227,0.995442269136907,0.9910068352155227,209,True,0.008993164784477314,64.34506866610299,48.98979485566356,5,1130.8787021208234,103.2,True,True,True,True,True,True
medium,4,0.7851250000000001,8,,0.2495896910056473,0.25,-0.16412359774108376,0.38790147074577985,0.388,-0.025394137685607936,12,175,430,665,2901,1455,4.37593984962406,534.2975482020455,175,557.4218161801609,13.935545404504023,4.655821125573141,0.523,FCC,46.0,10.0,0.02,0.15,30,12.1,1003,4,1,91141,98721,181,190,190,6534100,20.0,0,6,5.0,12.0,1.0,1,True,0.9853100327587887,0.989422339813153,0.9853100327587887,232,True,0.0146899672412113,64.67204144274811,48.98979485566356,8,1133.6017854001623,98.5,True,True,True,True,True,True
coarse,0,0.988,8,,0.22871855843373043,0.229,-0.12290024727929265,0.3840560589652076,0.384,0.014598688856147396,10,96,224,500,2136,864,3.456,632.6353670400737,97,641.497066486088,16.0374266621522,5.4018060785826165,0.416,FCC,53.0,11.0,0.02,0.15,36,14.0,999,0,1,91274,98717,181,188,188,6397264,20.0,0,6,5.0,15.0,1.0,1,True,0.9281922644234135,0.9564342661589282,0.9281922644234135,149,True,0.07180773557658648,73.74216187909495,60.0,22,1727.796776762688,63.8,True,True,True,True,True,True
coarse,1,0.988,8,,0.2301268167141453,0.229,0.4920597005001315,0.3839797763543915,0.384,-0.005266574377212757,12,96,224,500,2136,910,3.64,632.5297304058304,97,641.3240236015984,16.033100590039957,5.410458222807101,0.416,FCC,53.0,11.0,0.02,0.15,36,14.0,1000,1,1,91275,98718,181,188,188,6397264,20.0,0,6,5.0,15.0,1.0,1,True,0.9323222413105251,0.9729480300600061,0.9323222413105251,136,True,0.0676777586894749,73.59704120588898,60.0,21,1726.3989420223975,64.3,True,True,True,True,True,True
coarse,2,0.974328125,8,,0.2281122054678375,0.229,-0.3876832018176881,0.3840065065315422,0.384,0.0016944092557855117,11,96,224,500,2149,894,3.576,630.6974744832928,96,639.7666376411914,15.994165941029785,5.488327520827447,0.416,FCC,53.0,11.0,0.02,0.15,36,14.0,1001,2,1,91276,98719,181,188,188,6397264,20.0,0,6,5.0,15.0,1.0,1,True,0.9083445311002116,0.9447099659650304,0.9083445311002116,105,True,0.09165546889978837,73.18612635479371,60.0,17,1713.8523406881534,67.6,True,True,True,True,True,True
coarse,3,0.974328125,8,,0.22903087945096529,0.229,0.013484476404050897,0.3840943565874411,0.384,0.02457202797945662,11,96,224,500,2145,912,3.648,634.8346696996863,96,640.4588091791502,16.011470229478753,5.453718943929509,0.416,FCC,53.0,11.0,0.02,0.15,36,14.0,1002,3,1,91277,98720,181,188,188,6397264,20.0,0,6,5.0,15.0,1.0,1,True,0.9683694910329149,0.9859992438403307,0.9683694910329149,133,True,0.03163050896708508,73.22275569409666,60.0,12,1719.421076166664,65.5,True,True,True,True,True,True
coarse,4,0.9688593750000001,8,,0.22901915568905706,0.229,0.0083649297192377,0.3840013480763026,0.384,0.00035106153713215793,11,96,224,500,2115,865,3.46,632.2445237178324,96,639.7666376411914,15.994165941029785,5.488327520827447,0.416,FCC,53.0,11.0,0.02,0.15,36,14.0,1003,4,1,91278,98721,181,188,188,6397264,20.0,0,6,6.0,15.0,1.0,1,True,0.9393818505404716,0.9656775862812927,0.9393818505404716,200,True,0.06061814945952837,73.24754996429235,60.0,16,1713.8523406881534,67.4,True,True,True,True,True,True
