sample,grain,state,roi,roi_um,nvox,t_load_s,t_snow_s,perc_axis,perc_connectivity,perc_n_phase_voxels,perc_volume_fraction,perc_n_clusters,perc_percolates,perc_n_spanning_clusters,perc_percolating_frac,perc_largest_frac,mask_voxels,n_pores,n_throats,snow_sigma,snow_r_max,voxel_size_nm_used,graph_nodes,graph_edges,network_built,n_face_lo,n_face_hi,lcc_nodes,lcc_edges,lcc_face_lo,lcc_face_hi,neck_p10_nm,neck_p50_nm,mean_degree,pore_vol_median_nm3,reason
fine_pre,fine,pristine,z0y0x0,8.0,67240000,4.1,51.6,2,6,21469868,0.31930202260559193,263,True,1,0.9821353349727162,0.9821353349727162,21086316.0,486.0,847.0,0.4,4.0,19.6854264482811,486.0,847.0,True,46.0,47.0,486.0,847.0,46.0,47.0,68.1923140177787,317.4179710185854,3.48559670781893,144257198.58899996,
fine_pre,fine,pristine,z0y0x1,8.0,67240000,4.5,45.6,2,6,21271898,0.3163577929803688,168,True,1,0.9754288968478506,0.9754288968478506,20749224.0,456.0,776.0,0.4,4.0,19.6854264482811,456.0,776.0,True,44.0,36.0,456.0,776.0,44.0,36.0,78.74170648847212,308.75131074026285,3.4035087719298245,138844836.01799995,
fine_pre,fine,pristine,z0y1x0,8.0,67240000,4.5,49.6,2,6,22145435,0.3293491225461035,211,True,1,0.9876553790882862,0.9876553790882862,21872058.0,598.0,1169.0,0.4,4.0,19.6854264482811,598.0,1169.0,True,36.0,55.0,598.0,1169.0,36.0,55.0,65.68960984054698,252.09646992152557,3.9096989966555182,107041961.37599996,
fine_pre,fine,pristine,z0y1x1,8.0,67240000,4.3,51.5,2,6,21528246,0.3201702260559191,197,True,1,0.9815410414763934,0.9815410414763934,21130857.0,486.0,831.0,0.4,4.0,19.6854264482811,486.0,831.0,True,47.0,35.0,486.0,831.0,47.0,35.0,68.1923140177787,319.8503293333488,3.419753086419753,134916200.74799994,
fine_pre,fine,pristine,z0y2x0,8.0,67240000,5.2,50.0,2,6,23216220,0.3452739440809042,147,True,1,0.9861610546419701,0.9861610546419701,22894932.0,529.0,1038.0,0.4,4.0,19.6854264482811,529.0,1038.0,True,44.0,60.0,529.0,1038.0,44.0,60.0,68.1923140177787,289.31549422850367,3.9243856332703215,123321005.38799997,
fine_pre,fine,pristine,z0y2x1,8.0,67240000,4.4,46.8,2,6,22259226,0.33104143367043426,172,True,1,0.9786724390147259,0.9786724390147259,21784491.0,498.0,931.0,0.4,4.0,19.6854264482811,498.0,931.0,True,59.0,37.0,498.0,931.0,59.0,37.0,68.1923140177787,299.83948479639366,3.7389558232931726,153903333.14999992,
medium_pre,medium,pristine,z0y0x0,8.0,34426880,3.4,22.7,2,6,10329571,0.3000437739347858,59,True,1,0.9712538884722318,0.9712538884722318,10032636.0,141.0,263.0,0.4,4.0,24.60510310110494,141.0,263.0,True,11.0,24.0,141.0,263.0,11.0,24.0,177.42992497460364,669.3312002425955,3.730496453900709,323351867.6674999,
medium_pre,medium,pristine,z0y0x1,8.0,34426880,3.6,22.6,2,6,8968645,0.2605128608808001,77,True,1,0.9446111424858493,0.9446111424858493,8471882.0,186.0,289.0,0.4,4.0,24.60510310110494,186.0,289.0,True,32.0,17.0,186.0,289.0,32.0,17.0,182.78817890404753,448.32631829194725,3.10752688172043,241489786.8287499,
medium_pre,medium,pristine,z0y1x0,8.0,34426880,3.4,20.8,2,6,8027282,0.23316902373958953,131,True,1,0.9554156687157621,0.9554156687157621,7669391.0,183.0,280.0,0.4,4.0,24.60510310110494,183.0,280.0,True,22.0,22.0,183.0,280.0,22.0,22.0,98.42041492902354,428.99537788798625,3.060109289617486,199683594.51249993,
medium_pre,medium,pristine,z0y1x1,8.0,34426880,3.4,23.2,2,6,9458672,0.27474670954788816,87,True,1,0.9460049994333243,0.9460049994333243,8947951.0,151.0,271.0,0.4,4.0,24.60510310110494,151.0,271.0,True,17.0,13.0,151.0,271.0,17.0,13.0,214.502335893485,592.5693358221906,3.589403973509934,508779796.3874998,
medium_pre,medium,pristine,z0y2x0,8.0,34426880,3.8,22.6,2,6,8769287,0.2547220950606038,160,True,1,0.9067089490855984,0.9067089490855984,7951191.0,178.0,295.0,0.4,4.0,24.60510310110494,178.0,295.0,True,14.0,23.0,178.0,295.0,14.0,23.0,120.53990872118447,442.89186007517856,3.3146067415730336,234786495.70374992,
medium_pre,medium,pristine,z0y2x1,8.0,34426880,3.5,22.5,2,6,8798442,0.2555689623921773,152,True,1,0.9376935143744768,0.9376935143744768,8250242.0,151.0,274.0,0.4,4.0,24.60510310110494,151.0,274.0,True,17.0,12.0,151.0,274.0,17.0,12.0,147.63062949896266,518.4406575153844,3.629139072847682,285515513.31749994,
coarse_pre,coarse,pristine,z0y0x0,8.0,20191875,0.8,12.6,2,6,5602242,0.27745031107809454,98,True,1,0.5815609179324992,0.5815609179324992,3258045.0,62.0,145.0,0.4,4.0,29.4238919122171,62.0,145.0,True,2.0,12.0,62.0,145.0,2.0,12.0,198.6475012927258,516.3872174307471,4.67741935483871,367312316.77199984,
coarse_pre,coarse,pristine,z0y0x1,8.0,20191875,0.8,12.6,2,6,4312860,0.213593834153589,65,True,1,0.9478807566208965,0.9478807566208965,4088077.0,83.0,123.0,0.4,4.0,29.4238919122171,83.0,123.0,True,14.0,10.0,83.0,123.0,14.0,10.0,205.51950967728772,652.653511679091,2.963855421686747,627378302.0639998,
coarse_pre,coarse,pristine,z0y1x0,8.0,20191875,0.8,11.9,2,6,3964619,0.19634724363141115,51,True,1,0.8147869946645566,0.8147869946645566,3230320.0,71.0,113.0,0.4,4.0,29.4238919122171,71.0,113.0,True,9.0,10.0,71.0,113.0,9.0,10.0,203.85471088957274,668.3823698949709,3.183098591549296,441314832.9119998,
coarse_pre,coarse,pristine,z0y1x1,8.0,20191875,0.8,12.3,2,6,4540265,0.22485603739127744,69,True,1,0.8255392581710539,0.8255392581710539,3748167.0,71.0,108.0,0.4,4.0,29.4238919122171,71.0,108.0,True,12.0,5.0,71.0,108.0,12.0,5.0,176.54335238148633,595.5737663043692,3.0422535211267605,427253081.13599986,
coarse_pre,coarse,pristine,z0y2x0,8.0,20191875,0.8,11.8,2,6,4245497,0.21025769028383942,83,True,1,0.637884798882204,0.637884798882204,2708138.0,40.0,64.0,0.4,4.0,29.4238919122171,40.0,64.0,True,2.0,15.0,40.0,64.0,2.0,15.0,267.0288921535757,699.9893003012403,3.2,563438090.1839998,
coarse_pre,coarse,pristine,z0y2x1,8.0,20191875,0.7,13.5,2,6,5989757,0.2966419413749342,58,True,1,0.9774660307588438,0.9774660307588438,5854784.0,111.0,217.0,0.4,4.0,29.4238919122171,111.0,217.0,True,25.0,7.0,111.0,217.0,25.0,7.0,229.3099868211357,708.6211439855106,3.90990990990991,572532375.2999997,
coarse_pre,coarse,pristine,z0y3x0,8.0,20191875,0.7,12.1,2,6,4838038,0.23960320673538243,47,True,1,0.9474423309614352,0.9474423309614352,4583762.0,105.0,212.0,0.4,4.0,29.4238919122171,105.0,212.0,True,9.0,22.0,105.0,212.0,9.0,22.0,176.54335238148633,617.2007829263748,4.038095238095238,505586209.2359998,
coarse_pre,coarse,pristine,z0y3x1,8.0,20191875,0.7,11.8,2,6,4850086,0.24019988237843193,52,True,1,0.9371134862350894,0.9371134862350894,4545081.0,91.0,139.0,0.4,4.0,29.4238919122171,91.0,139.0,True,9.0,12.0,88.0,137.0,9.0,12.0,265.48034952611494,608.7262249820924,3.1136363636363638,383921487.3479998,
coarse_pre,coarse,pristine,z0y4x0,8.0,20191875,0.8,13.6,2,6,5360697,0.2654878261677036,44,True,1,0.961628683732731,0.961628683732731,5155000.0,108.0,206.0,0.4,4.0,29.4238919122171,108.0,206.0,True,14.0,13.0,108.0,206.0,14.0,13.0,124.64161258662898,614.3889095255872,3.814814814814815,629416237.1039997,
coarse_pre,coarse,pristine,z0y4x1,8.0,20191875,0.8,0.4,2,6,4591948,0.2274156312873371,60,False,0,0.0,0.4103733317537568,,,,,,,,,False,,,,,,,,,,,no spanning Ni cluster
