mode,nominal_target_ratio,struct_seed,achieved_p10_ratio,n_rounds,p_erode,expand_vox,damage_seed,phi_Ni_pre,phi_Ni_post,P_span_pre,P_span_post,P_reach_pre,P_reach_post,tpb_pre,tpb_post,lcf_pre,lcf_post,retained_P_span,retained_P_reach,retained_tpb,voxels_added_expand,voxels_removed_erosion,voxels_removed_islands,voxels_pre,voxels_post,source
base,1.0,0,1.0,2,0.35,1,100,0.3298483455882353,0.3137394301470588,1.0,1.0,1.0,1.0,22.08065257352941,88.39269301470587,1.0,1.0,1.0,1.0,4.003173942452781,48118,82212,959,717750,682697,pre-registered
base,1.0,0,1.0,2,0.35,1,101,0.3298483455882353,0.3137509191176471,1.0,1.0,1.0,1.0,22.08065257352941,88.59834558823529,1.0,1.0,1.0,1.0,4.012487642437172,48118,82234,912,717750,682722,pre-registered
base,1.0,0,1.0,2,0.35,1,102,0.3298483455882353,0.3138915441176471,1.0,1.0,1.0,1.0,22.08065257352941,88.62477022058823,1.0,1.0,1.0,1.0,4.013684374837401,48118,81919,921,717750,683028,pre-registered
base,1.0,0,1.0,5,0.35,1,100,0.3298483455882353,0.2379053308823529,1.0,1.0,1.0,1.0,22.08065257352941,18.89705882352941,1.0,1.0,1.0,1.0,0.8558197616941569,48118,236973,11213,717750,517682,pre-registered
base,1.0,0,1.0,5,0.35,1,101,0.3298483455882353,0.238079044117647,1.0,1.0,1.0,1.0,22.08065257352941,19.281939338235293,1.0,1.0,1.0,1.0,0.8732504292627088,48118,236510,11298,717750,518060,pre-registered
base,1.0,0,1.0,5,0.35,1,102,0.3298483455882353,0.2378933823529411,1.0,1.0,1.0,1.0,22.08065257352941,18.37660845588235,1.0,1.0,1.0,1.0,0.8322493365939956,48118,236877,11335,717750,517656,pre-registered
base,1.0,0,1.0,10,0.35,1,100,0.3298483455882353,0.1134016544117647,1.0,0.0,1.0,0.0,22.08065257352941,0.0068933823529411,1.0,1.0,0.0,0.0,0.0003121910609292,48118,495728,23378,717750,246762,pre-registered
base,1.0,0,1.0,10,0.35,1,101,0.3298483455882353,0.1134568014705882,1.0,0.0,1.0,0.0,22.08065257352941,0.0172334558823529,1.0,1.0,0.0,0.0,0.0007804776523232,48118,495797,23189,717750,246882,pre-registered
base,1.0,0,1.0,10,0.35,1,102,0.3298483455882353,0.1129067095588235,1.0,0.0,1.0,0.0,22.08065257352941,0.0160845588235294,1.0,1.0,0.0,0.0,0.000728445808835,48118,496702,23481,717750,245685,pre-registered
base,1.0,1,1.0,2,0.35,1,100,0.3248198529411765,0.3079108455882353,1.0,1.0,1.0,1.0,21.623391544117645,89.69324448529412,1.0,1.0,1.0,1.0,4.147973008873068,46513,82332,975,706808,670014,pre-registered
base,1.0,1,1.0,2,0.35,1,101,0.3248198529411765,0.3078667279411765,1.0,1.0,1.0,1.0,21.623391544117645,90.28147977941175,1.0,1.0,1.0,1.0,4.175176664364274,46513,82485,918,706808,669918,pre-registered
base,1.0,1,1.0,2,0.35,1,102,0.3248198529411765,0.3078915441176471,1.0,1.0,1.0,1.0,21.623391544117645,90.14016544117646,1.0,1.0,1.0,1.0,4.168641411189629,46513,82415,934,706808,669972,pre-registered
base,1.0,1,1.0,5,0.35,1,100,0.3248198529411765,0.2317876838235294,1.0,1.0,1.0,1.0,21.623391544117645,19.191176470588232,1.0,1.0,1.0,1.0,0.8875192604006162,46513,237486,11465,706808,504370,pre-registered
base,1.0,1,1.0,5,0.35,1,101,0.3248198529411765,0.2318676470588235,1.0,1.0,1.0,1.0,21.623391544117645,19.610523897058822,1.0,1.0,1.0,1.0,0.9069124913660274,46513,237340,11437,706808,504544,pre-registered
base,1.0,1,1.0,5,0.35,1,102,0.3248198529411765,0.2314572610294117,1.0,1.0,1.0,1.0,21.623391544117645,18.97058823529412,1.0,1.0,1.0,1.0,0.8773178895914139,46513,238143,11527,706808,503651,pre-registered
base,1.0,1,1.0,10,0.35,1,100,0.3248198529411765,0.1077054227941176,1.0,0.0,1.0,0.0,21.623391544117645,0.0264246323529411,1.0,1.0,0.0,0.0,0.001222039211519,46513,496310,22644,706808,234367,pre-registered
base,1.0,1,1.0,10,0.35,1,101,0.3248198529411765,0.1078400735294117,1.0,0.0,1.0,1.0,21.623391544117645,0.0080422794117647,1.0,1.0,0.0,1.0,0.0003719249774188,46513,496341,22320,706808,234660,pre-registered
base,1.0,1,1.0,10,0.35,1,102,0.3248198529411765,0.1077329963235294,1.0,0.0,1.0,0.0,21.623391544117645,0.0149356617647058,1.0,1.0,0.0,0.0,0.0006907178152064,46513,496745,22149,706808,234427,pre-registered
base,1.0,2,1.0,2,0.35,1,100,0.3169315257352941,0.2986865808823529,1.0,1.0,1.0,1.0,21.91061580882353,94.69209558823528,1.0,1.0,1.0,1.0,4.321745057941377,43569,82292,978,689643,649942,pre-registered
base,1.0,2,1.0,2,0.35,1,101,0.3169315257352941,0.2986640625,1.0,1.0,1.0,1.0,21.91061580882353,94.34512867647058,1.0,1.0,1.0,1.0,4.305909496093545,43569,82281,1038,689643,649893,pre-registered
base,1.0,2,1.0,2,0.35,1,102,0.3169315257352941,0.2987380514705882,1.0,1.0,1.0,1.0,21.91061580882353,94.77366727941175,1.0,1.0,1.0,1.0,4.325467988044675,43569,82192,966,689643,650054,pre-registered
base,1.0,2,1.0,5,0.35,1,100,0.3169315257352941,0.2232458639705882,1.0,1.0,1.0,1.0,21.91061580882353,20.433134191176467,1.0,1.0,1.0,1.0,0.9325677730585704,43569,235831,11598,689643,485783,pre-registered
base,1.0,2,1.0,5,0.35,1,101,0.3169315257352941,0.2233630514705882,1.0,1.0,1.0,1.0,21.91061580882353,20.59742647058824,1.0,1.0,1.0,1.0,0.9400660689004248,43569,235785,11389,689643,486038,pre-registered
base,1.0,2,1.0,5,0.35,1,102,0.3169315257352941,0.2232840073529411,1.0,1.0,1.0,1.0,21.91061580882353,19.769071691176467,1.0,1.0,1.0,1.0,0.9022599758796076,43569,235719,11627,689643,485866,pre-registered
base,1.0,2,1.0,10,0.35,1,100,0.3169315257352941,0.1016148897058823,1.0,0.0,1.0,0.0,21.91061580882353,0.0206801470588235,1.0,1.0,0.0,0.0,0.0009438414346389,43569,486817,25281,689643,221114,pre-registered
base,1.0,2,1.0,10,0.35,1,101,0.3169315257352941,0.1016282169117647,1.0,0.0,1.0,0.0,21.91061580882353,0.0172334558823529,1.0,1.0,0.0,0.0,0.0007865345288658,43569,486591,25478,689643,221143,pre-registered
base,1.0,2,1.0,10,0.35,1,102,0.3169315257352941,0.1015804227941176,1.0,0.0,1.0,0.0,21.91061580882353,0.01953125,1.0,1.0,0.0,0.0,0.0008914057993812,43569,487116,25057,689643,221039,pre-registered
base,1.0,3,1.0,2,0.35,1,100,0.3268065257352941,0.3097987132352941,1.0,1.0,1.0,1.0,20.99379595588235,89.92761948529412,1.0,1.0,1.0,1.0,4.283533081595797,45679,81738,950,711131,674122,pre-registered
base,1.0,3,1.0,2,0.35,1,101,0.3268065257352941,0.3097169117647059,1.0,1.0,1.0,1.0,20.99379595588235,90.06663602941177,1.0,1.0,1.0,1.0,4.290154873310349,45679,81874,992,711131,673944,pre-registered
base,1.0,3,1.0,2,0.35,1,102,0.3268065257352941,0.3099655330882352,1.0,1.0,1.0,1.0,20.99379595588235,90.12867647058825,1.0,1.0,1.0,1.0,4.293110053083785,45679,81351,974,711131,674485,pre-registered
base,1.0,3,1.0,5,0.35,1,100,0.3268065257352941,0.2343685661764706,1.0,1.0,1.0,1.0,20.99379595588235,18.890165441176467,1.0,1.0,1.0,1.0,0.8997975154599682,45679,235416,11408,711131,509986,pre-registered
base,1.0,3,1.0,5,0.35,1,101,0.3268065257352941,0.2347054227941176,1.0,1.0,1.0,1.0,20.99379595588235,18.879825367647054,1.0,1.0,1.0,1.0,0.8993049854977289,45679,234723,11368,711131,510719,pre-registered
base,1.0,3,1.0,5,0.35,1,102,0.3268065257352941,0.2332072610294117,1.0,1.0,1.0,1.0,20.99379595588235,18.68336397058824,1.0,1.0,1.0,1.0,0.889946916215181,45679,234726,14625,711131,507459,pre-registered
base,1.0,3,1.0,10,0.35,1,100,0.3268065257352941,0.1111199448529411,1.0,0.0,1.0,0.0,20.99379595588235,0.0160845588235294,1.0,1.0,0.0,0.0,0.000766157719039,45679,491264,23749,711131,241797,pre-registered
base,1.0,3,1.0,10,0.35,1,101,0.3268065257352941,0.1112835477941176,1.0,0.0,1.0,0.0,20.99379595588235,0.0149356617647058,1.0,1.0,0.0,0.0,0.000711432167679,45679,490553,24104,711131,242153,pre-registered
base,1.0,3,1.0,10,0.35,1,102,0.3268065257352941,0.1109103860294117,1.0,0.0,1.0,0.0,20.99379595588235,0.0114889705882352,1.0,1.0,0.0,0.0,0.0005472555135992,45679,491649,23820,711131,241341,pre-registered
base,1.0,4,1.0,2,0.35,1,100,0.3270974264705882,0.3096824448529411,1.0,1.0,1.0,1.0,21.21668198529412,89.98506433823529,1.0,1.0,1.0,1.0,4.241241132831537,44436,81339,992,711764,673869,pre-registered
base,1.0,4,1.0,2,0.35,1,101,0.3270974264705882,0.3096208639705882,1.0,1.0,1.0,1.0,21.21668198529412,90.43772977941175,1.0,1.0,1.0,1.0,4.262576487789029,44436,81521,944,711764,673735,pre-registered
base,1.0,4,1.0,2,0.35,1,102,0.3270974264705882,0.3097063419117647,1.0,1.0,1.0,1.0,21.21668198529412,90.67210477941175,1.0,1.0,1.0,1.0,4.273623219797477,44436,81335,944,711764,673921,pre-registered
base,1.0,4,1.0,5,0.35,1,100,0.3270974264705882,0.2345510110294117,1.0,1.0,1.0,1.0,21.21668198529412,19.31410845588235,1.0,1.0,1.0,1.0,0.9103265284020144,44436,234620,11197,711764,510383,pre-registered
base,1.0,4,1.0,5,0.35,1,101,0.3270974264705882,0.2348046875,1.0,1.0,1.0,1.0,21.21668198529412,19.50942095588235,1.0,1.0,1.0,1.0,0.919532138409054,44436,234069,11196,711764,510935,pre-registered
base,1.0,4,1.0,5,0.35,1,102,0.3270974264705882,0.2347748161764705,1.0,1.0,1.0,1.0,21.21668198529412,19.080882352941178,1.0,1.0,1.0,1.0,0.8993339470406673,44436,234048,11282,711764,510870,pre-registered
base,1.0,4,1.0,10,0.35,1,100,0.3270974264705882,0.1112536764705882,1.0,0.0,1.0,0.0,21.21668198529412,0.0229779411764705,1.0,1.0,0.0,0.0,0.0010830129420046,44436,491322,22790,711764,242088,pre-registered
base,1.0,4,1.0,10,0.35,1,101,0.3270974264705882,0.1117265625,1.0,0.0,1.0,0.0,21.21668198529412,0.0068933823529411,1.0,1.0,0.0,0.0,0.0003249038826013,44436,490711,22372,711764,243117,pre-registered
base,1.0,4,1.0,10,0.35,1,102,0.3270974264705882,0.1118161764705882,1.0,0.0,1.0,0.0,21.21668198529412,0.0149356617647058,1.0,1.0,0.0,0.0,0.000703958412303,44436,490832,22056,711764,243312,pre-registered
lower_tail,1.5,0,1.333333372807931,2,0.35,1,100,0.3299457720588235,0.3137973345588235,1.0,1.0,1.0,1.0,21.948529411764703,88.18359374999999,1.0,1.0,1.0,1.0,4.017744974874372,47965,82146,958,717962,682823,pre-registered
lower_tail,1.5,0,1.333333372807931,2,0.35,1,101,0.3299457720588235,0.3137909007352941,1.0,1.0,1.0,1.0,21.948529411764703,88.53285845588235,1.0,1.0,1.0,1.0,4.033657872696818,47965,82228,890,717962,682809,pre-registered
lower_tail,1.5,0,1.333333372807931,2,0.35,1,102,0.3299457720588235,0.3139457720588235,1.0,1.0,1.0,1.0,21.948529411764703,88.57996323529412,1.0,1.0,1.0,1.0,4.035804020100503,47965,81873,908,717962,683146,pre-registered
lower_tail,1.5,0,1.333333372807931,5,0.35,1,100,0.3299457720588235,0.2378377757352941,1.0,1.0,1.0,1.0,21.948529411764703,18.778722426470587,1.0,1.0,1.0,1.0,0.8555799832495813,47965,237165,11227,717962,517535,pre-registered
lower_tail,1.5,0,1.333333372807931,5,0.35,1,101,0.3299457720588235,0.238071231617647,1.0,1.0,1.0,1.0,21.948529411764703,19.273897058823525,1.0,1.0,1.0,1.0,0.8781407035175879,47965,236612,11272,717962,518043,pre-registered
lower_tail,1.5,0,1.333333372807931,5,0.35,1,102,0.3299457720588235,0.2378630514705882,1.0,1.0,1.0,1.0,21.948529411764703,18.42830882352941,1.0,1.0,1.0,1.0,0.8396147403685092,47965,237047,11290,717962,517590,pre-registered
lower_tail,1.5,0,1.333333372807931,10,0.35,1,100,0.3299457720588235,0.1130652573529411,1.0,0.0,1.0,0.0,21.948529411764703,0.0068933823529411,1.0,1.0,0.0,0.0,0.0003140703517587,47965,496446,23451,717962,246030,pre-registered
lower_tail,1.5,0,1.333333372807931,10,0.35,1,101,0.3299457720588235,0.1131815257352941,1.0,0.0,1.0,0.0,21.948529411764703,0.0172334558823529,1.0,1.0,0.0,0.0,0.0007851758793969,47965,496326,23318,717962,246283,pre-registered
lower_tail,1.5,0,1.333333372807931,10,0.35,1,102,0.3299457720588235,0.1125822610294117,1.0,0.0,1.0,0.0,21.948529411764703,0.0149356617647058,1.0,1.0,0.0,0.0,0.000680485762144,47965,497383,23565,717962,244979,pre-registered
lower_tail,1.5,1,1.6142746033532454,2,0.35,1,100,0.3248855698529412,0.3080693933823529,1.0,1.0,1.0,1.0,21.49011948529412,89.57261029411764,1.0,1.0,1.0,1.0,4.168083400160385,46418,82074,936,706951,670359,pre-registered
lower_tail,1.5,1,1.6142746033532454,2,0.35,1,101,0.3248855698529412,0.3079333639705882,1.0,1.0,1.0,1.0,21.49011948529412,89.95749080882352,1.0,1.0,1.0,1.0,4.185993049986634,46418,82403,903,706951,670063,pre-registered
lower_tail,1.5,1,1.6142746033532454,2,0.35,1,102,0.3248855698529412,0.3079499080882353,1.0,1.0,1.0,1.0,21.49011948529412,89.8586856617647,1.0,1.0,1.0,1.0,4.181395348837209,46418,82308,962,706951,670099,pre-registered
lower_tail,1.5,1,1.6142746033532454,5,0.35,1,100,0.3248855698529412,0.2319039522058823,1.0,1.0,1.0,1.0,21.49011948529412,19.14522058823529,1.0,1.0,1.0,1.0,0.8908847901630579,46418,237333,11413,706951,504623,pre-registered
lower_tail,1.5,1,1.6142746033532454,5,0.35,1,101,0.3248855698529412,0.2320147058823529,1.0,1.0,1.0,1.0,21.49011948529412,19.289981617647054,1.0,1.0,1.0,1.0,0.8976209569633788,46418,237118,11387,706951,504864,pre-registered
lower_tail,1.5,1,1.6142746033532454,5,0.35,1,102,0.3248855698529412,0.231508731617647,1.0,1.0,1.0,1.0,21.49011948529412,18.731617647058822,1.0,1.0,1.0,1.0,0.8716385993049987,46418,238105,11501,706951,503763,pre-registered
lower_tail,1.5,1,1.6142746033532454,10,0.35,1,100,0.3248855698529412,0.1073768382352941,1.0,0.0,1.0,0.0,21.49011948529412,0.0287224264705882,1.0,1.0,0.0,0.0,0.0013365410318096,46418,496888,22829,706951,233652,pre-registered
lower_tail,1.5,1,1.6142746033532454,10,0.35,1,101,0.3248855698529412,0.1076608455882353,1.0,0.0,1.0,1.0,21.49011948529412,0.0080422794117647,1.0,1.0,0.0,1.0,0.0003742314889067,46418,496540,22559,706951,234270,pre-registered
lower_tail,1.5,1,1.6142746033532454,10,0.35,1,102,0.3248855698529412,0.107297794117647,1.0,0.0,1.0,0.0,21.49011948529412,0.0126378676470588,1.0,1.0,0.0,0.0,0.0005880780539962,46418,496962,22927,706951,233480,pre-registered
lower_tail,1.5,2,1.333333372807931,2,0.35,1,100,0.3169829963235294,0.2987734375,1.0,1.0,1.0,1.0,21.692325367647054,94.04871323529412,1.0,1.0,1.0,1.0,4.335575446215772,43435,82083,976,689755,650131,pre-registered
lower_tail,1.5,2,1.333333372807931,2,0.35,1,101,0.3169829963235294,0.2987683823529412,1.0,1.0,1.0,1.0,21.692325367647054,93.7063419117647,1.0,1.0,1.0,1.0,4.319792383877973,43435,82059,1011,689755,650120,pre-registered
lower_tail,1.5,2,1.333333372807931,2,0.35,1,102,0.3169829963235294,0.2988028492647059,1.0,1.0,1.0,1.0,21.692325367647054,94.26011029411764,1.0,1.0,1.0,1.0,4.345320692759918,43435,82017,978,689755,650195,pre-registered
lower_tail,1.5,2,1.333333372807931,5,0.35,1,100,0.3169829963235294,0.2233579963235294,1.0,1.0,1.0,1.0,21.692325367647054,20.37339154411765,1.0,1.0,1.0,1.0,0.9391981356919656,43435,235663,11500,689755,486027,pre-registered
lower_tail,1.5,2,1.333333372807931,5,0.35,1,101,0.3169829963235294,0.2235303308823529,1.0,1.0,1.0,1.0,21.692325367647054,20.587086397058822,1.0,1.0,1.0,1.0,0.9490493088289816,43435,235456,11332,689755,486402,pre-registered
lower_tail,1.5,2,1.333333372807931,5,0.35,1,102,0.3169829963235294,0.2233897058823529,1.0,1.0,1.0,1.0,21.692325367647054,19.593290441176467,1.0,1.0,1.0,1.0,0.9032360574122132,43435,235594,11500,689755,486096,pre-registered
lower_tail,1.5,2,1.333333372807931,10,0.35,1,100,0.3169829963235294,0.1015114889705882,1.0,0.0,1.0,0.0,21.692325367647054,0.0172334558823529,1.0,1.0,0.0,0.0,0.0007944494465335,43435,486993,25308,689755,220889,pre-registered
lower_tail,1.5,2,1.333333372807931,10,0.35,1,101,0.3169829963235294,0.1017173713235294,1.0,0.0,1.0,0.0,21.692325367647054,0.0206801470588235,1.0,1.0,0.0,0.0,0.0009533393358402,43435,486847,25006,689755,221337,pre-registered
lower_tail,1.5,2,1.333333372807931,10,0.35,1,102,0.3169829963235294,0.1013699448529411,1.0,0.0,1.0,0.0,21.692325367647054,0.01953125,1.0,1.0,0.0,0.0,0.0009003760394046,43435,487461,25148,689755,220581,pre-registered
lower_tail,1.5,3,1.333333372807931,2,0.35,1,100,0.3268740808823529,0.3098887867647059,1.0,1.0,1.0,1.0,20.832950367647054,89.45197610294117,1.0,1.0,1.0,1.0,4.293773782606298,45661,81682,939,711278,674318,pre-registered
lower_tail,1.5,3,1.333333372807931,2,0.35,1,101,0.3268740808823529,0.3098653492647059,1.0,1.0,1.0,1.0,20.832950367647054,89.78975183823529,1.0,1.0,1.0,1.0,4.309987315943308,45661,81712,960,711278,674267,pre-registered
lower_tail,1.5,3,1.333333372807931,2,0.35,1,102,0.3268740808823529,0.3100551470588235,1.0,1.0,1.0,1.0,20.832950367647054,89.81043198529412,1.0,1.0,1.0,1.0,4.310979981249655,45661,81268,991,711278,674680,pre-registered
lower_tail,1.5,3,1.333333372807931,5,0.35,1,100,0.3268740808823529,0.234446231617647,1.0,1.0,1.0,1.0,20.832950367647054,18.84650735294117,1.0,1.0,1.0,1.0,0.9046489825180608,45661,235475,11309,711278,510155,pre-registered
lower_tail,1.5,3,1.333333372807931,5,0.35,1,101,0.3268740808823529,0.2347780330882353,1.0,1.0,1.0,1.0,20.832950367647054,18.758042279411764,1.0,1.0,1.0,1.0,0.9004025809297965,45661,234731,11331,711278,510877,pre-registered
lower_tail,1.5,3,1.333333372807931,5,0.35,1,102,0.3268740808823529,0.2346521139705882,1.0,1.0,1.0,1.0,20.832950367647054,18.76148897058824,1.0,1.0,1.0,1.0,0.9005680251475211,45661,234881,11455,711278,510603,pre-registered
lower_tail,1.5,3,1.333333372807931,10,0.35,1,100,0.3268740808823529,0.1109099264705882,1.0,0.0,1.0,0.0,20.832950367647054,0.0160845588235294,1.0,1.0,0.0,0.0,0.000772073016048,45661,491731,23868,711278,241340,pre-registered
lower_tail,1.5,3,1.333333372807931,10,0.35,1,101,0.3268740808823529,0.1112959558823529,1.0,0.0,1.0,0.0,20.832950367647054,0.0149356617647058,1.0,1.0,0.0,0.0,0.0007169249434732,45661,491067,23692,711278,242180,pre-registered
lower_tail,1.5,3,1.333333372807931,10,0.35,1,102,0.3268740808823529,0.1106397058823529,1.0,0.0,1.0,0.0,20.832950367647054,0.0103400735294117,1.0,1.0,0.0,0.0,0.0004963326531737,45661,492183,24004,711278,240752,pre-registered
lower_tail,1.5,4,1.333333372807931,2,0.35,1,100,0.3271567095588235,0.3097996323529411,1.0,1.0,1.0,1.0,21.10753676470588,89.71507352941175,1.0,1.0,1.0,1.0,4.250381014587416,44565,81347,987,711893,674124,pre-registered
lower_tail,1.5,4,1.333333372807931,2,0.35,1,101,0.3271567095588235,0.309750919117647,1.0,1.0,1.0,1.0,21.10753676470588,90.11144301470588,1.0,1.0,1.0,1.0,4.269159590681472,44565,81516,924,711893,674018,pre-registered
lower_tail,1.5,4,1.333333372807931,2,0.35,1,102,0.3271567095588235,0.3098529411764706,1.0,1.0,1.0,1.0,21.10753676470588,90.40900735294116,1.0,1.0,1.0,1.0,4.2832571304158495,44565,81267,951,711893,674240,pre-registered
lower_tail,1.5,4,1.333333372807931,5,0.35,1,100,0.3271567095588235,0.2345863970588235,1.0,1.0,1.0,1.0,21.10753676470588,19.270450367647054,1.0,1.0,1.0,1.0,0.9129653821032006,44565,234832,11166,711893,510460,pre-registered
lower_tail,1.5,4,1.333333372807931,5,0.35,1,101,0.3271567095588235,0.2348653492647058,1.0,1.0,1.0,1.0,21.10753676470588,19.53929227941176,1.0,1.0,1.0,1.0,0.9257021554539516,44565,234224,11167,711893,511067,pre-registered
lower_tail,1.5,4,1.333333372807931,5,0.35,1,102,0.3271567095588235,0.2348221507352941,1.0,1.0,1.0,1.0,21.10753676470588,19.13717830882353,1.0,1.0,1.0,1.0,0.90665142608317,44565,234276,11209,711893,510973,pre-registered
lower_tail,1.5,4,1.333333372807931,10,0.35,1,100,0.3271567095588235,0.1110179227941176,1.0,0.0,1.0,0.0,21.10753676470588,0.0229779411764705,1.0,1.0,0.0,0.0,0.0010886131069018,44565,492004,22879,711893,241575,pre-registered
lower_tail,1.5,4,1.333333372807931,10,0.35,1,101,0.3271567095588235,0.1117794117647058,1.0,0.0,1.0,1.0,21.10753676470588,0.0068933823529411,1.0,1.0,0.0,1.0,0.0003265839320705,44565,491548,21678,711893,243232,pre-registered
lower_tail,1.5,4,1.333333372807931,10,0.35,1,102,0.3271567095588235,0.1115836397058823,1.0,0.0,1.0,0.0,21.10753676470588,0.0160845588235294,1.0,1.0,0.0,0.0,0.0007620291748312,44565,491474,22178,711893,242806,pre-registered
lower_tail,2.0,0,2.0,2,0.35,1,100,0.3298943014705882,0.3137334558823529,1.0,1.0,1.0,1.0,21.708409926470587,88.13648897058823,1.0,1.0,1.0,1.0,4.060015877216195,47918,82144,940,717850,682684,pre-registered
lower_tail,2.0,0,2.0,2,0.35,1,101,0.3298943014705882,0.313672794117647,1.0,1.0,1.0,1.0,21.708409926470587,88.4673713235294,1.0,1.0,1.0,1.0,4.075258004763165,47918,82355,861,717850,682552,pre-registered
lower_tail,2.0,0,2.0,2,0.35,1,102,0.3298943014705882,0.3139168198529412,1.0,1.0,1.0,1.0,21.708409926470587,88.56272977941177,1.0,1.0,1.0,1.0,4.079650701243716,47918,81827,858,717850,683083,pre-registered
lower_tail,2.0,0,2.0,5,0.35,1,100,0.3298943014705882,0.2378221507352941,1.0,1.0,1.0,1.0,21.708409926470587,18.753446691176467,1.0,1.0,1.0,1.0,0.8638793331569197,47918,237159,11108,717850,517501,pre-registered
lower_tail,2.0,0,2.0,5,0.35,1,101,0.3298943014705882,0.2379967830882353,1.0,1.0,1.0,1.0,21.708409926470587,19.202665441176467,1.0,1.0,1.0,1.0,0.8845726382640909,47918,236548,11339,717850,517881,pre-registered
lower_tail,2.0,0,2.0,5,0.35,1,102,0.3298943014705882,0.2378157169117647,1.0,1.0,1.0,1.0,21.708409926470587,18.43175551470588,1.0,1.0,1.0,1.0,0.84906059804181,47918,237003,11278,717850,517487,pre-registered
lower_tail,2.0,0,2.0,10,0.35,1,100,0.3298943014705882,0.1125183823529411,1.0,0.0,1.0,0.0,21.708409926470587,0.0091911764705882,1.0,1.0,0.0,0.0,0.0004233924318602,47918,497367,23561,717850,244840,pre-registered
lower_tail,2.0,0,2.0,10,0.35,1,101,0.3298943014705882,0.1130358455882352,1.0,0.0,1.0,0.0,21.708409926470587,0.0149356617647058,1.0,1.0,0.0,0.0,0.0006880127017729,47918,496989,22813,717850,245966,pre-registered
lower_tail,2.0,0,2.0,10,0.35,1,102,0.3298943014705882,0.1129007352941176,1.0,0.0,1.0,0.0,21.708409926470587,0.0183823529411764,1.0,1.0,0.0,0.0,0.0008467848637205,47918,497871,22225,717850,245672,pre-registered
lower_tail,2.0,1,1.937129432263008,2,0.35,1,100,0.324907169117647,0.3081355698529411,1.0,1.0,1.0,1.0,21.375229779411764,89.28193933823529,1.0,1.0,1.0,1.0,4.176887933351249,46440,82020,915,706998,670503,pre-registered
lower_tail,2.0,1,1.937129432263008,2,0.35,1,101,0.324907169117647,0.3079756433823529,1.0,1.0,1.0,1.0,21.375229779411764,89.64613970588235,1.0,1.0,1.0,1.0,4.193926363880677,46440,82403,880,706998,670155,pre-registered
lower_tail,2.0,1,1.937129432263008,2,0.35,1,102,0.324907169117647,0.3080252757352941,1.0,1.0,1.0,1.0,21.375229779411764,89.59673713235294,1.0,1.0,1.0,1.0,4.191615157215803,46440,82236,939,706998,670263,pre-registered
lower_tail,2.0,1,1.937129432263008,5,0.35,1,100,0.324907169117647,0.2320896139705882,1.0,1.0,1.0,1.0,21.375229779411764,19.211856617647054,1.0,1.0,1.0,1.0,0.8987906476753561,46440,237034,11377,706998,505027,pre-registered
lower_tail,2.0,1,1.937129432263008,5,0.35,1,101,0.324907169117647,0.2321001838235294,1.0,1.0,1.0,1.0,21.375229779411764,19.217601102941178,1.0,1.0,1.0,1.0,0.8990593926363881,46440,236970,11418,706998,505050,pre-registered
lower_tail,2.0,1,1.937129432263008,5,0.35,1,102,0.324907169117647,0.2316819852941176,1.0,1.0,1.0,1.0,21.375229779411764,18.868336397058822,1.0,1.0,1.0,1.0,0.8827196990056436,46440,237881,11417,706998,504140,pre-registered
lower_tail,2.0,1,1.937129432263008,10,0.35,1,100,0.324907169117647,0.1071231617647058,1.0,0.0,1.0,0.0,21.375229779411764,0.0275735294117647,1.0,1.0,0.0,0.0,0.0012899758129535,46440,496747,23591,706998,233100,pre-registered
lower_tail,2.0,1,1.937129432263008,10,0.35,1,101,0.324907169117647,0.1075179227941176,1.0,0.0,1.0,1.0,21.375229779411764,0.0091911764705882,1.0,1.0,0.0,1.0,0.0004299919376511,46440,496672,22807,706998,233959,pre-registered
lower_tail,2.0,1,1.937129432263008,10,0.35,1,102,0.324907169117647,0.1075666360294117,1.0,0.0,1.0,0.0,21.375229779411764,0.0149356617647058,1.0,1.0,0.0,0.0,0.0006987368986831,46440,497036,22337,706998,234065,pre-registered
lower_tail,2.0,2,2.0,2,0.35,1,100,0.3169908088235294,0.2989623161764705,1.0,1.0,1.0,1.0,21.32238051470588,92.73322610294116,1.0,1.0,1.0,1.0,4.3491028611455365,43379,81655,954,689772,650542,pre-registered
lower_tail,2.0,2,2.0,2,0.35,1,101,0.3169908088235294,0.2989885110294117,1.0,1.0,1.0,1.0,21.32238051470588,92.98483455882352,1.0,1.0,1.0,1.0,4.360903065897947,43379,81585,967,689772,650599,pre-registered
lower_tail,2.0,2,2.0,2,0.35,1,102,0.3169908088235294,0.2989885110294117,1.0,1.0,1.0,1.0,21.32238051470588,93.03308823529412,1.0,1.0,1.0,1.0,4.363166118864164,43379,81609,943,689772,650599,pre-registered
lower_tail,2.0,2,2.0,5,0.35,1,100,0.3169908088235294,0.2239489889705882,1.0,1.0,1.0,1.0,21.32238051470588,20.366498161764707,1.0,1.0,1.0,1.0,0.9551699983835336,43379,234602,11236,689772,487313,pre-registered
lower_tail,2.0,2,2.0,5,0.35,1,101,0.3169908088235294,0.2239678308823529,1.0,1.0,1.0,1.0,21.32238051470588,20.217141544117645,1.0,1.0,1.0,1.0,0.9481653106309608,43379,234490,11307,689772,487354,pre-registered
lower_tail,2.0,2,2.0,5,0.35,1,102,0.3169908088235294,0.2238451286764705,1.0,1.0,1.0,1.0,21.32238051470588,19.377297794117645,1.0,1.0,1.0,1.0,0.9087774125761086,43379,234686,11378,689772,487087,pre-registered
lower_tail,2.0,2,2.0,10,0.35,1,100,0.3169908088235294,0.1022876838235294,1.0,0.0,1.0,0.0,21.32238051470588,0.0137867647058823,1.0,1.0,0.0,0.0,0.0006465865617759,43379,486908,23665,689772,222578,pre-registered
lower_tail,2.0,2,2.0,10,0.35,1,101,0.3169908088235294,0.1019871323529411,1.0,0.0,1.0,0.0,21.32238051470588,0.0229779411764705,1.0,1.0,0.0,0.0,0.0010776442696265,43379,486708,24519,689772,221924,pre-registered
lower_tail,2.0,2,2.0,10,0.35,1,102,0.3169908088235294,0.1029434742647058,1.0,0.0,1.0,0.0,21.32238051470588,0.0229779411764705,1.0,1.0,0.0,0.0,0.0010776442696265,43379,487297,21849,689772,224005,pre-registered
lower_tail,2.0,3,2.0,2,0.35,1,100,0.3269025735294117,0.3100059742647059,1.0,1.0,1.0,1.0,20.55261948529412,88.5500919117647,1.0,1.0,1.0,1.0,4.308457711442786,45541,81398,910,711340,674573,pre-registered
lower_tail,2.0,3,2.0,2,0.35,1,101,0.3269025735294117,0.309946231617647,1.0,1.0,1.0,1.0,20.55261948529412,89.0728400735294,1.0,1.0,1.0,1.0,4.333892336072447,45541,81505,933,711340,674443,pre-registered
lower_tail,2.0,3,2.0,2,0.35,1,102,0.3269025735294117,0.3100790441176471,1.0,1.0,1.0,1.0,20.55261948529412,88.92233455882352,1.0,1.0,1.0,1.0,4.326569400190061,45541,81179,970,711340,674732,pre-registered
lower_tail,2.0,3,2.0,5,0.35,1,100,0.3269025735294117,0.2346341911764705,1.0,1.0,1.0,1.0,20.55261948529412,18.70863970588235,1.0,1.0,1.0,1.0,0.9102800603722958,45541,235128,11189,711340,510564,pre-registered
lower_tail,2.0,3,2.0,5,0.35,1,101,0.3269025735294117,0.2349388786764706,1.0,1.0,1.0,1.0,20.55261948529412,18.46277573529412,1.0,1.0,1.0,1.0,0.8983174017552686,45541,234359,11295,711340,511227,pre-registered
lower_tail,2.0,3,2.0,5,0.35,1,102,0.3269025735294117,0.2346681985294117,1.0,1.0,1.0,1.0,20.55261948529412,18.426011029411764,1.0,1.0,1.0,1.0,0.8965285929901057,45541,234872,11371,711340,510638,pre-registered
lower_tail,2.0,3,2.0,10,0.35,1,100,0.3269025735294117,0.1110905330882353,1.0,0.0,1.0,0.0,20.55261948529412,0.021829044117647,1.0,1.0,0.0,0.0,0.0010621052043155,45541,491828,23320,711340,241733,pre-registered
lower_tail,2.0,3,2.0,10,0.35,1,101,0.3269025735294117,0.1116585477941176,1.0,0.0,1.0,0.0,20.55261948529412,0.0137867647058823,1.0,1.0,0.0,0.0,0.0006708032869361,45541,491460,22452,711340,242969,pre-registered
lower_tail,2.0,3,2.0,10,0.35,1,102,0.3269025735294117,0.1109044117647058,1.0,0.0,1.0,0.0,20.55261948529412,0.0137867647058823,1.0,1.0,0.0,0.0,0.0006708032869361,45541,492850,22703,711340,241328,pre-registered
lower_tail,2.0,4,2.0,2,0.35,1,100,0.3271700367647059,0.3100041360294118,1.0,1.0,1.0,1.0,20.952435661764707,89.25091911764706,1.0,1.0,1.0,1.0,4.259691835279925,44731,81138,946,711922,674569,pre-registered
lower_tail,2.0,4,2.0,2,0.35,1,101,0.3271700367647059,0.3099315257352941,1.0,1.0,1.0,1.0,20.952435661764707,89.5266544117647,1.0,1.0,1.0,1.0,4.272851894500191,44731,81369,873,711922,674411,pre-registered
lower_tail,2.0,4,2.0,2,0.35,1,102,0.3271700367647059,0.3099738051470588,1.0,1.0,1.0,1.0,20.952435661764707,90.0298713235294,1.0,1.0,1.0,1.0,4.296869002577178,44731,81218,932,711922,674503,pre-registered
lower_tail,2.0,4,2.0,5,0.35,1,100,0.3271700367647059,0.2349195772058823,1.0,1.0,1.0,1.0,20.952435661764707,19.155560661764703,1.0,1.0,1.0,1.0,0.9142402807479298,44731,234419,11049,711922,511185,pre-registered
lower_tail,2.0,4,2.0,5,0.35,1,101,0.3271700367647059,0.2350229779411764,1.0,1.0,1.0,1.0,20.952435661764707,19.22679227941176,1.0,1.0,1.0,1.0,0.9176399627131652,44731,234099,11144,711922,511410,pre-registered
lower_tail,2.0,4,2.0,5,0.35,1,102,0.3271700367647059,0.234859375,1.0,1.0,1.0,1.0,20.952435661764707,18.93956801470588,1.0,1.0,1.0,1.0,0.9039315676920544,44731,234427,11172,711922,511054,pre-registered
lower_tail,2.0,4,2.0,10,0.35,1,100,0.3271700367647059,0.1111286764705882,1.0,0.0,1.0,0.0,20.952435661764707,0.0149356617647058,1.0,1.0,0.0,0.0,0.0007128365410977,44731,492730,22107,711922,241816,pre-registered
lower_tail,2.0,4,2.0,10,0.35,1,101,0.3271700367647059,0.1114604779411764,1.0,0.0,1.0,1.0,20.952435661764707,0.0114889705882352,1.0,1.0,0.0,1.0,0.0005483358008444,44731,492218,21897,711922,242538,pre-registered
lower_tail,2.0,4,2.0,10,0.35,1,102,0.3271700367647059,0.1112449448529411,1.0,0.0,1.0,0.0,20.952435661764707,0.0183823529411764,1.0,1.0,0.0,0.0,0.000877337281351,44731,492284,22300,711922,242069,pre-registered
base,1.0,0,1.0,6,0.35,1,100,0.3298483455882353,0.21095220588235294,1.0,1.0,1.0,1.0,22.08065257352941,7.1691176470588225,1.0,1.0,1.0,1.0,0.32467870336646026,48118,292057,14779,717750,459032,"bridge (post-hoc, intensity only)"
base,1.0,0,1.0,6,0.35,1,101,0.3298483455882353,0.2112329963235294,1.0,1.0,1.0,1.0,22.08065257352941,7.572380514705881,1.0,1.0,1.0,1.0,0.34294188043082363,48118,291441,14784,717750,459643,"bridge (post-hoc, intensity only)"
base,1.0,0,1.0,6,0.35,1,102,0.3298483455882353,0.21105974264705882,1.0,1.0,1.0,1.0,22.08065257352941,7.2277113970588225,1.0,1.0,1.0,1.0,0.3273323273843592,48118,292039,14563,717750,459266,"bridge (post-hoc, intensity only)"
base,1.0,0,1.0,7,0.35,1,100,0.3298483455882353,0.1847909007352941,1.0,1.0,1.0,1.0,22.08065257352941,2.2690716911764706,1.0,1.0,1.0,1.0,0.10276289088922422,48118,346189,17574,717750,402105,"bridge (post-hoc, intensity only)"
base,1.0,0,1.0,7,0.35,1,101,0.3298483455882353,0.18493060661764707,1.0,1.0,1.0,1.0,22.08065257352941,2.5608915441176467,1.0,1.0,1.0,1.0,0.11597897913523075,48118,345994,17465,717750,402409,"bridge (post-hoc, intensity only)"
base,1.0,0,1.0,7,0.35,1,102,0.3298483455882353,0.1847311580882353,1.0,1.0,1.0,1.0,22.08065257352941,2.277113970588235,1.0,1.0,1.0,1.0,0.10312711379364171,48118,346410,17483,717750,401975,"bridge (post-hoc, intensity only)"
base,1.0,0,1.0,8,0.35,1,100,0.3298483455882353,0.15895818014705881,1.0,1.0,1.0,1.0,22.08065257352941,0.6939338235294117,1.0,1.0,1.0,1.0,0.031427233466881734,48118,398799,21176,717750,345893,"bridge (post-hoc, intensity only)"
base,1.0,0,1.0,8,0.35,1,101,0.3298483455882353,0.15990395220588235,1.0,1.0,1.0,1.0,22.08065257352941,0.6330422794117646,1.0,1.0,1.0,1.0,0.028669545762006348,48118,398712,19205,717750,347951,"bridge (post-hoc, intensity only)"
base,1.0,0,1.0,8,0.35,1,102,0.3298483455882353,0.15962086397058822,1.0,1.0,1.0,1.0,22.08065257352941,0.6215533088235294,1.0,1.0,1.0,1.0,0.028149227327124205,48118,399278,19255,717750,347335,"bridge (post-hoc, intensity only)"
base,1.0,1,1.0,6,0.35,1,100,0.3248198529411765,0.20477619485294118,1.0,1.0,1.0,1.0,21.623391544117645,7.101332720588235,1.0,1.0,1.0,1.0,0.3284097550608363,46513,292774,14954,706808,445593,"bridge (post-hoc, intensity only)"
base,1.0,1,1.0,6,0.35,1,101,0.3248198529411765,0.20491130514705883,1.0,1.0,1.0,1.0,21.623391544117645,7.649356617647058,1.0,1.0,1.0,1.0,0.35375378566494875,46513,292596,14838,706808,445887,"bridge (post-hoc, intensity only)"
base,1.0,1,1.0,6,0.35,1,102,0.3248198529411765,0.20443841911764707,1.0,1.0,1.0,1.0,21.623391544117645,7.416130514705881,1.0,1.0,1.0,1.0,0.34296796131980234,46513,293301,15162,706808,444858,"bridge (post-hoc, intensity only)"
base,1.0,1,1.0,7,0.35,1,100,0.3248198529411765,0.178640625,1.0,1.0,1.0,1.0,21.623391544117645,2.3575367647058822,1.0,1.0,1.0,1.0,0.10902715052335159,46513,347021,17578,706808,388722,"bridge (post-hoc, intensity only)"
base,1.0,1,1.0,7,0.35,1,101,0.3248198529411765,0.1786295955882353,1.0,1.0,1.0,1.0,21.623391544117645,2.389705882352941,1.0,1.0,1.0,1.0,0.11051485043302695,46513,347109,17514,706808,388698,"bridge (post-hoc, intensity only)"
base,1.0,1,1.0,7,0.35,1,102,0.3248198529411765,0.1774499080882353,1.0,1.0,1.0,1.0,21.623391544117645,2.289751838235294,1.0,1.0,1.0,1.0,0.10589235428510706,46513,347521,19669,706808,386131,"bridge (post-hoc, intensity only)"
base,1.0,1,1.0,8,0.35,1,100,0.3248198529411765,0.15268795955882353,1.0,1.0,1.0,1.0,21.623391544117645,0.6353400735294118,1.0,1.0,1.0,1.0,0.029382073216088416,46513,399946,21126,706808,332249,"bridge (post-hoc, intensity only)"
base,1.0,1,1.0,8,0.35,1,101,0.3248198529411765,0.15291314338235293,1.0,1.0,1.0,1.0,21.623391544117645,0.6479779411764705,1.0,1.0,1.0,1.0,0.0299665267520323,46513,399769,20813,706808,332739,"bridge (post-hoc, intensity only)"
base,1.0,1,1.0,8,0.35,1,102,0.3248198529411765,0.15266636029411765,1.0,1.0,1.0,1.0,21.623391544117645,0.6341911764705881,1.0,1.0,1.0,1.0,0.029328941076457143,46513,400171,20948,706808,332202,"bridge (post-hoc, intensity only)"
base,1.0,2,1.0,6,0.35,1,100,0.3169315257352941,0.19688097426470588,1.0,1.0,1.0,1.0,21.91061580882353,7.542509191176471,1.0,1.0,1.0,1.0,0.34423994546693937,43569,289654,15145,689643,428413,"bridge (post-hoc, intensity only)"
base,1.0,2,1.0,6,0.35,1,101,0.3169315257352941,0.19695450367647058,1.0,1.0,1.0,1.0,21.91061580882353,7.826286764705882,1.0,1.0,1.0,1.0,0.35719154737559644,43569,289616,15023,689643,428573,"bridge (post-hoc, intensity only)"
base,1.0,2,1.0,6,0.35,1,102,0.3169315257352941,0.19680376838235294,1.0,1.0,1.0,1.0,21.91061580882353,7.680376838235293,1.0,1.0,1.0,1.0,0.3505322216978658,43569,289787,15180,689643,428245,"bridge (post-hoc, intensity only)"
base,1.0,2,1.0,7,0.35,1,100,0.3169315257352941,0.17129917279411766,1.0,1.0,1.0,1.0,21.91061580882353,2.3471966911764706,1.0,1.0,1.0,1.0,0.1071260028315243,43569,342702,17763,689643,372747,"bridge (post-hoc, intensity only)"
base,1.0,2,1.0,7,0.35,1,101,0.3169315257352941,0.17134880514705883,1.0,1.0,1.0,1.0,21.91061580882353,2.473575367647059,1.0,1.0,1.0,1.0,0.11289392270987364,43569,342670,17687,689643,372855,"bridge (post-hoc, intensity only)"
base,1.0,2,1.0,7,0.35,1,102,0.3169315257352941,0.1712247242647059,1.0,1.0,1.0,1.0,21.91061580882353,2.4827665441176467,1.0,1.0,1.0,1.0,0.11331340779193538,43569,342921,17706,689643,372585,"bridge (post-hoc, intensity only)"
base,1.0,2,1.0,8,0.35,1,100,0.3169315257352941,0.14622426470588235,1.0,1.0,1.0,1.0,21.91061580882353,0.6295955882352942,1.0,1.0,1.0,1.0,0.02873472812123119,43569,394020,21008,689643,318184,"bridge (post-hoc, intensity only)"
base,1.0,2,1.0,8,0.35,1,101,0.3169315257352941,0.14721783088235293,1.0,1.0,1.0,1.0,21.91061580882353,0.590533088235294,1.0,1.0,1.0,1.0,0.02695191652246867,43569,393609,19257,689643,320346,"bridge (post-hoc, intensity only)"
base,1.0,2,1.0,8,0.35,1,102,0.3169315257352941,0.14685661764705882,1.0,1.0,1.0,1.0,21.91061580882353,0.5801930147058822,1.0,1.0,1.0,1.0,0.026479995805149176,43569,394161,19491,689643,319560,"bridge (post-hoc, intensity only)"
base,1.0,3,1.0,6,0.35,1,100,0.3268065257352941,0.2066236213235294,1.0,1.0,1.0,1.0,20.99379595588235,6.861213235294117,1.0,1.0,1.0,1.0,0.32682099272150167,45679,289813,17384,711131,449613,"bridge (post-hoc, intensity only)"
base,1.0,3,1.0,6,0.35,1,101,0.3268065257352941,0.2070482536764706,1.0,1.0,1.0,1.0,20.99379595588235,7.2472426470588225,1.0,1.0,1.0,1.0,0.34520877797843813,45679,288986,17287,711131,450537,"bridge (post-hoc, intensity only)"
base,1.0,3,1.0,6,0.35,1,102,0.3268065257352941,0.20548345588235295,1.0,1.0,1.0,1.0,20.99379595588235,7.184053308823529,1.0,1.0,1.0,1.0,0.342198872653642,45679,289400,20278,711131,447132,"bridge (post-hoc, intensity only)"
base,1.0,3,1.0,7,0.35,1,100,0.3268065257352941,0.17997886029411764,1.0,1.0,1.0,1.0,20.99379595588235,2.1438419117647056,1.0,1.0,1.0,1.0,0.10211787883762928,45679,343538,21638,711131,391634,"bridge (post-hoc, intensity only)"
base,1.0,3,1.0,7,0.35,1,101,0.3268065257352941,0.1805032169117647,1.0,1.0,1.0,1.0,20.99379595588235,2.281709558823529,1.0,1.0,1.0,1.0,0.10868494500082088,45679,342718,21317,711131,392775,"bridge (post-hoc, intensity only)"
base,1.0,3,1.0,7,0.35,1,102,0.3268065257352941,0.18032352941176472,1.0,1.0,1.0,1.0,20.99379595588235,2.302389705882353,1.0,1.0,1.0,1.0,0.10967000492529963,45679,343097,21329,711131,392384,"bridge (post-hoc, intensity only)"
base,1.0,3,1.0,8,0.35,1,100,0.3268065257352941,0.15577251838235295,1.0,1.0,1.0,1.0,20.99379595588235,0.5238970588235293,1.0,1.0,1.0,1.0,0.024954851420128054,45679,395575,22274,711131,338961,"bridge (post-hoc, intensity only)"
base,1.0,3,1.0,8,0.35,1,101,0.3268065257352941,0.15620634191176472,1.0,1.0,1.0,1.0,20.99379595588235,0.5170036764705882,1.0,1.0,1.0,1.0,0.02462649811196848,45679,394922,21983,711131,339905,"bridge (post-hoc, intensity only)"
base,1.0,3,1.0,8,0.35,1,102,0.3268065257352941,0.1557734375,1.0,1.0,1.0,1.0,20.99379595588235,0.5675551470588235,1.0,1.0,1.0,1.0,0.027034422371805394,45679,395573,22274,711131,338963,"bridge (post-hoc, intensity only)"
base,1.0,4,1.0,6,0.35,1,100,0.32709742647058826,0.20795266544117647,1.0,1.0,1.0,1.0,21.216681985294116,7.319623161764706,1.0,1.0,1.0,1.0,0.3449937726755835,44436,288974,14721,711764,452505,"bridge (post-hoc, intensity only)"
base,1.0,4,1.0,6,0.35,1,101,0.32709742647058826,0.2081829044117647,1.0,1.0,1.0,1.0,21.216681985294116,7.597656249999999,1.0,1.0,1.0,1.0,0.35809822927383983,44436,288451,14743,711764,453006,"bridge (post-hoc, intensity only)"
base,1.0,4,1.0,6,0.35,1,102,0.32709742647058826,0.20805147058823528,1.0,1.0,1.0,1.0,21.216681985294116,7.372472426470588,1.0,1.0,1.0,1.0,0.3474847024421942,44436,288565,14915,711764,452720,"bridge (post-hoc, intensity only)"
base,1.0,4,1.0,7,0.35,1,100,0.32709742647058826,0.1820358455882353,1.0,1.0,1.0,1.0,21.216681985294116,2.3000919117647056,1.0,1.0,1.0,1.0,0.10840959549466615,44436,342650,17440,711764,396110,"bridge (post-hoc, intensity only)"
base,1.0,4,1.0,7,0.35,1,101,0.32709742647058826,0.18215027573529413,1.0,1.0,1.0,1.0,21.216681985294116,2.3046874999999996,1.0,1.0,1.0,1.0,0.10862619808306707,44436,342364,17477,711764,396359,"bridge (post-hoc, intensity only)"
base,1.0,4,1.0,7,0.35,1,102,0.32709742647058826,0.18227757352941176,1.0,1.0,1.0,1.0,21.216681985294116,2.4437040441176467,1.0,1.0,1.0,1.0,0.11517842638219526,44436,342234,17330,711764,396636,"bridge (post-hoc, intensity only)"
base,1.0,4,1.0,8,0.35,1,100,0.32709742647058826,0.15640625,1.0,1.0,1.0,1.0,21.216681985294116,0.5813419117647058,1.0,1.0,1.0,1.0,0.027400227432717823,44436,394939,20921,711764,340340,"bridge (post-hoc, intensity only)"
base,1.0,4,1.0,8,0.35,1,101,0.32709742647058826,0.15722288602941176,1.0,1.0,1.0,1.0,21.216681985294116,0.5583639705882353,1.0,1.0,1.0,1.0,0.026317214490713167,44436,394797,19286,711764,342117,"bridge (post-hoc, intensity only)"
base,1.0,4,1.0,8,0.35,1,102,0.32709742647058826,0.15721507352941178,1.0,1.0,1.0,1.0,21.216681985294116,0.5928308823529411,1.0,1.0,1.0,1.0,0.02794173390372015,44436,394750,19350,711764,342100,"bridge (post-hoc, intensity only)"
lower_tail,1.5,0,1.333333372807931,6,0.35,1,100,0.3299457720588235,0.2108377757352941,1.0,1.0,1.0,1.0,21.948529411764703,7.159926470588235,1.0,1.0,1.0,1.0,0.326214405360134,47965,292349,14795,717962,458783,"bridge (post-hoc, intensity only)"
lower_tail,1.5,0,1.333333372807931,6,0.35,1,101,0.3299457720588235,0.21110707720588234,1.0,1.0,1.0,1.0,21.948529411764703,7.511488970588235,1.0,1.0,1.0,1.0,0.3422319932998325,47965,291695,14863,717962,459369,"bridge (post-hoc, intensity only)"
lower_tail,1.5,0,1.333333372807931,6,0.35,1,102,0.3299457720588235,0.21093198529411764,1.0,1.0,1.0,1.0,21.948529411764703,7.275965073529411,1.0,1.0,1.0,1.0,0.33150125628140703,47965,292365,14574,717962,458988,"bridge (post-hoc, intensity only)"
lower_tail,1.5,0,1.333333372807931,7,0.35,1,100,0.3299457720588235,0.18459329044117648,1.0,1.0,1.0,1.0,21.948529411764703,2.297794117647059,1.0,1.0,1.0,1.0,0.10469011725293134,47965,346620,17632,717962,401675,"bridge (post-hoc, intensity only)"
lower_tail,1.5,0,1.333333372807931,7,0.35,1,101,0.3299457720588235,0.18474816176470588,1.0,1.0,1.0,1.0,21.948529411764703,2.5390625,1.0,1.0,1.0,1.0,0.11568257956448913,47965,346369,17546,717962,402012,"bridge (post-hoc, intensity only)"
lower_tail,1.5,0,1.333333372807931,7,0.35,1,102,0.3299457720588235,0.1845220588235294,1.0,1.0,1.0,1.0,21.948529411764703,2.3265165441176467,1.0,1.0,1.0,1.0,0.10599874371859297,47965,346856,17551,717962,401520,"bridge (post-hoc, intensity only)"
lower_tail,1.5,0,1.333333372807931,8,0.35,1,100,0.3299457720588235,0.15869025735294118,1.0,1.0,1.0,1.0,21.948529411764703,0.666360294117647,1.0,1.0,1.0,1.0,0.030360134003350085,47965,399364,21253,717962,345310,"bridge (post-hoc, intensity only)"
lower_tail,1.5,0,1.333333372807931,8,0.35,1,101,0.3299457720588235,0.15968933823529413,1.0,1.0,1.0,1.0,21.948529411764703,0.6433823529411764,1.0,1.0,1.0,1.0,0.02931323283082077,47965,399173,19270,717962,347484,"bridge (post-hoc, intensity only)"
lower_tail,1.5,0,1.333333372807931,8,0.35,1,102,0.3299457720588235,0.15932858455882354,1.0,1.0,1.0,1.0,21.948529411764703,0.6227022058823529,1.0,1.0,1.0,1.0,0.028371021775544392,47965,399861,19367,717962,346699,"bridge (post-hoc, intensity only)"
lower_tail,1.5,1,1.6142746033532454,6,0.35,1,100,0.3248855698529412,0.20482444852941176,1.0,1.0,1.0,1.0,21.490119485294116,7.104779411764706,1.0,1.0,1.0,1.0,0.3306067896284416,46418,292795,14876,706951,445698,"bridge (post-hoc, intensity only)"
lower_tail,1.5,1,1.6142746033532454,6,0.35,1,101,0.3248855698529412,0.2050045955882353,1.0,1.0,1.0,1.0,21.490119485294116,7.542509191176471,1.0,1.0,1.0,1.0,0.35097567495322113,46418,292466,14813,706951,446090,"bridge (post-hoc, intensity only)"
lower_tail,1.5,1,1.6142746033532454,6,0.35,1,102,0.3248855698529412,0.20450045955882354,1.0,1.0,1.0,1.0,21.490119485294116,7.342601102941176,1.0,1.0,1.0,1.0,0.3416733493718257,46418,293302,15074,706951,444993,"bridge (post-hoc, intensity only)"
lower_tail,1.5,1,1.6142746033532454,7,0.35,1,100,0.3248855698529412,0.17856847426470587,1.0,1.0,1.0,1.0,21.490119485294116,2.3368566176470584,1.0,1.0,1.0,1.0,0.10874097834803527,46418,347221,17583,706951,388565,"bridge (post-hoc, intensity only)"
lower_tail,1.5,1,1.6142746033532454,7,0.35,1,101,0.3248855698529412,0.17864613970588236,1.0,1.0,1.0,1.0,21.490119485294116,2.3701746323529407,1.0,1.0,1.0,1.0,0.1102913659449345,46418,347079,17556,706951,388734,"bridge (post-hoc, intensity only)"
lower_tail,1.5,1,1.6142746033532454,7,0.35,1,102,0.3248855698529412,0.17839154411764707,1.0,1.0,1.0,1.0,21.490119485294116,2.3104319852941173,1.0,1.0,1.0,1.0,0.10751136059877038,46418,347580,17609,706951,388180,"bridge (post-hoc, intensity only)"
lower_tail,1.5,1,1.6142746033532454,8,0.35,1,100,0.3248855698529412,0.15251011029411765,1.0,1.0,1.0,1.0,21.490119485294116,0.6169577205882353,1.0,1.0,1.0,1.0,0.028708901363271856,46418,400334,21173,706951,331862,"bridge (post-hoc, intensity only)"
lower_tail,1.5,1,1.6142746033532454,8,0.35,1,101,0.3248855698529412,0.15348943014705882,1.0,1.0,1.0,1.0,21.490119485294116,0.6571691176470588,1.0,1.0,1.0,1.0,0.0305800588078054,46418,399847,19529,706951,333993,"bridge (post-hoc, intensity only)"
lower_tail,1.5,1,1.6142746033532454,8,0.35,1,102,0.3248855698529412,0.15329917279411764,1.0,1.0,1.0,1.0,21.490119485294116,0.6364889705882353,1.0,1.0,1.0,1.0,0.029617749264902436,46418,400333,19457,706951,333579,"bridge (post-hoc, intensity only)"
lower_tail,1.5,2,1.333333372807931,6,0.35,1,100,0.3169829963235294,0.19692233455882352,1.0,1.0,1.0,1.0,21.692325367647058,7.607996323529411,1.0,1.0,1.0,1.0,0.35072294899634554,43435,289588,15099,689755,428503,"bridge (post-hoc, intensity only)"
lower_tail,1.5,2,1.333333372807931,6,0.35,1,101,0.3169829963235294,0.19704457720588237,1.0,1.0,1.0,1.0,21.692325367647058,7.7585018382352935,1.0,1.0,1.0,1.0,0.3576611408294052,43435,289361,15060,689755,428769,"bridge (post-hoc, intensity only)"
lower_tail,1.5,2,1.333333372807931,6,0.35,1,102,0.3169829963235294,0.19678722426470588,1.0,1.0,1.0,1.0,21.692325367647058,7.581571691176469,1.0,1.0,1.0,1.0,0.3495047931783274,43435,289840,15141,689755,428209,"bridge (post-hoc, intensity only)"
lower_tail,1.5,2,1.333333372807931,7,0.35,1,100,0.3169829963235294,0.17123805147058824,1.0,1.0,1.0,1.0,21.692325367647058,2.3403033088235294,1.0,1.0,1.0,1.0,0.1078862348392564,43435,342816,17760,689755,372614,"bridge (post-hoc, intensity only)"
lower_tail,1.5,2,1.333333372807931,7,0.35,1,101,0.3169829963235294,0.17136580882352942,1.0,1.0,1.0,1.0,21.692325367647058,2.4253216911764706,1.0,1.0,1.0,1.0,0.11180551877548858,43435,342610,17688,689755,372892,"bridge (post-hoc, intensity only)"
lower_tail,1.5,2,1.333333372807931,7,0.35,1,102,0.3169829963235294,0.17114935661764705,1.0,1.0,1.0,1.0,21.692325367647058,2.485064338235294,1.0,1.0,1.0,1.0,0.11455961019013823,43435,343059,17710,689755,372421,"bridge (post-hoc, intensity only)"
lower_tail,1.5,2,1.333333372807931,8,0.35,1,100,0.3169829963235294,0.1461185661764706,1.0,1.0,1.0,1.0,21.692325367647058,0.6146599264705882,1.0,1.0,1.0,1.0,0.02833536359303003,43435,394187,21049,689755,317954,"bridge (post-hoc, intensity only)"
lower_tail,1.5,2,1.333333372807931,8,0.35,1,101,0.3169829963235294,0.14713832720588235,1.0,1.0,1.0,1.0,21.692325367647058,0.6066176470588235,1.0,1.0,1.0,1.0,0.02796462051798104,43435,393683,19334,689755,320173,"bridge (post-hoc, intensity only)"
lower_tail,1.5,2,1.333333372807931,8,0.35,1,102,0.3169829963235294,0.1466544117647059,1.0,1.0,1.0,1.0,21.692325367647058,0.5595128676470588,1.0,1.0,1.0,1.0,0.025793125364122663,43435,394455,19615,689755,319120,"bridge (post-hoc, intensity only)"
lower_tail,1.5,3,1.333333372807931,6,0.35,1,100,0.3268740808823529,0.20773851102941177,1.0,1.0,1.0,1.0,20.832950367647058,6.969209558823528,1.0,1.0,1.0,1.0,0.334528208239122,45661,289983,14917,711278,452039,"bridge (post-hoc, intensity only)"
lower_tail,1.5,3,1.333333372807931,6,0.35,1,101,0.3268740808823529,0.2082173713235294,1.0,1.0,1.0,1.0,20.832950367647058,7.3517922794117645,1.0,1.0,1.0,1.0,0.3528925164065516,45661,289049,14809,711278,453081,"bridge (post-hoc, intensity only)"
lower_tail,1.5,3,1.333333372807931,6,0.35,1,102,0.3268740808823529,0.20780422794117648,1.0,1.0,1.0,1.0,20.832950367647058,7.2346047794117645,1.0,1.0,1.0,1.0,0.3472674130039155,45661,289656,15101,711278,452182,"bridge (post-hoc, intensity only)"
lower_tail,1.5,3,1.333333372807931,7,0.35,1,100,0.3268740808823529,0.18173345588235293,1.0,1.0,1.0,1.0,20.832950367647058,2.204733455882353,1.0,1.0,1.0,1.0,0.10582915127116307,45661,343837,17650,711278,395452,"bridge (post-hoc, intensity only)"
lower_tail,1.5,3,1.333333372807931,7,0.35,1,101,0.3268740808823529,0.18130055147058824,1.0,1.0,1.0,1.0,20.832950367647058,2.281709558823529,1.0,1.0,1.0,1.0,0.10952407213367892,45661,342928,19501,711278,394510,"bridge (post-hoc, intensity only)"
lower_tail,1.5,3,1.333333372807931,7,0.35,1,102,0.3268740808823529,0.18202665441176472,1.0,1.0,1.0,1.0,20.832950367647058,2.3012408088235294,1.0,1.0,1.0,1.0,0.11046158936745161,45661,343461,17388,711278,396090,"bridge (post-hoc, intensity only)"
lower_tail,1.5,3,1.333333372807931,8,0.35,1,100,0.3268740808823529,0.15556204044117647,1.0,1.0,1.0,1.0,20.832950367647058,0.5365349264705882,1.0,1.0,1.0,1.0,0.025754149892461258,45661,395997,22439,711278,338503,"bridge (post-hoc, intensity only)"
lower_tail,1.5,3,1.333333372807931,8,0.35,1,101,0.3268740808823529,0.1560592830882353,1.0,1.0,1.0,1.0,20.832950367647058,0.5135569852941175,1.0,1.0,1.0,1.0,0.024651188440963985,45661,395264,22090,711278,339585,"bridge (post-hoc, intensity only)"
lower_tail,1.5,3,1.333333372807931,8,0.35,1,102,0.3268740808823529,0.15631709558823528,1.0,1.0,1.0,1.0,20.832950367647058,0.5744485294117647,1.0,1.0,1.0,1.0,0.027574036287431755,45661,396018,20775,711278,340146,"bridge (post-hoc, intensity only)"
lower_tail,1.5,4,1.333333372807931,6,0.35,1,100,0.32715670955882353,0.20792601102941177,1.0,1.0,1.0,1.0,21.10753676470588,7.300091911764706,1.0,1.0,1.0,1.0,0.34585238406270413,44565,289319,14692,711893,452447,"bridge (post-hoc, intensity only)"
lower_tail,1.5,4,1.333333372807931,6,0.35,1,101,0.32715670955882353,0.20811488970588235,1.0,1.0,1.0,1.0,21.10753676470588,7.627527573529411,1.0,1.0,1.0,1.0,0.3613651208360549,44565,288819,14781,711893,452858,"bridge (post-hoc, intensity only)"
lower_tail,1.5,4,1.333333372807931,6,0.35,1,102,0.32715670955882353,0.20802435661764707,1.0,1.0,1.0,1.0,21.10753676470588,7.36328125,1.0,1.0,1.0,1.0,0.3488460701066841,44565,288910,14887,711893,452661,"bridge (post-hoc, intensity only)"
lower_tail,1.5,4,1.333333372807931,7,0.35,1,100,0.32715670955882353,0.1818965992647059,1.0,1.0,1.0,1.0,21.10753676470588,2.258731617647059,1.0,1.0,1.0,1.0,0.10701066840844765,44565,343140,17511,711893,395807,"bridge (post-hoc, intensity only)"
lower_tail,1.5,4,1.333333372807931,7,0.35,1,101,0.32715670955882353,0.182,1.0,1.0,1.0,1.0,21.10753676470588,2.2989430147058822,1.0,1.0,1.0,1.0,0.1089157413455258,44565,342917,17509,711893,396032,"bridge (post-hoc, intensity only)"
lower_tail,1.5,4,1.333333372807931,7,0.35,1,102,0.32715670955882353,0.18215579044117647,1.0,1.0,1.0,1.0,21.10753676470588,2.4172794117647056,1.0,1.0,1.0,1.0,0.1145220988460701,44565,342742,17345,711893,396371,"bridge (post-hoc, intensity only)"
lower_tail,1.5,4,1.333333372807931,8,0.35,1,100,0.32715670955882353,0.1561966911764706,1.0,1.0,1.0,1.0,21.10753676470588,0.5732996323529411,1.0,1.0,1.0,1.0,0.02716089701720009,44565,395524,21050,711893,339884,"bridge (post-hoc, intensity only)"
lower_tail,1.5,4,1.333333372807931,8,0.35,1,101,0.32715670955882353,0.15699908088235295,1.0,1.0,1.0,1.0,21.10753676470588,0.5687040441176471,1.0,1.0,1.0,1.0,0.026943174395819728,44565,395447,19381,711893,341630,"bridge (post-hoc, intensity only)"
lower_tail,1.5,4,1.333333372807931,8,0.35,1,102,0.32715670955882353,0.1569940257352941,1.0,1.0,1.0,1.0,21.10753676470588,0.5962775735294118,1.0,1.0,1.0,1.0,0.028249510124101897,44565,395332,19507,711893,341619,"bridge (post-hoc, intensity only)"
lower_tail,2.0,0,2.0,6,0.35,1,100,0.32989430147058824,0.21083455882352942,1.0,1.0,1.0,1.0,21.708409926470587,7.03469669117647,1.0,1.0,1.0,1.0,0.3240539825350622,47918,292341,14651,717850,458776,"bridge (post-hoc, intensity only)"
lower_tail,2.0,0,2.0,6,0.35,1,101,0.32989430147058824,0.21099356617647058,1.0,1.0,1.0,1.0,21.708409926470587,7.441406249999999,1.0,1.0,1.0,1.0,0.3427890976448796,47918,291744,14902,717850,459122,"bridge (post-hoc, intensity only)"
lower_tail,2.0,0,2.0,6,0.35,1,102,0.32989430147058824,0.21087545955882353,1.0,1.0,1.0,1.0,21.708409926470587,7.281709558823529,1.0,1.0,1.0,1.0,0.33543265414130724,47918,292328,14575,717850,458865,"bridge (post-hoc, intensity only)"
lower_tail,2.0,0,2.0,7,0.35,1,100,0.32989430147058824,0.18454963235294117,1.0,1.0,1.0,1.0,21.708409926470587,2.2346047794117645,1.0,1.0,1.0,1.0,0.10293728499603069,47918,346691,17497,717850,401580,"bridge (post-hoc, intensity only)"
lower_tail,2.0,0,2.0,7,0.35,1,101,0.32989430147058824,0.1846185661764706,1.0,1.0,1.0,1.0,21.708409926470587,2.578125,1.0,1.0,1.0,1.0,0.11876157713680868,47918,346535,17503,717850,401730,"bridge (post-hoc, intensity only)"
lower_tail,2.0,0,2.0,7,0.35,1,102,0.32989430147058824,0.18445680147058824,1.0,1.0,1.0,1.0,21.708409926470587,2.4172794117647056,1.0,1.0,1.0,1.0,0.11135220957925376,47918,346878,17512,717850,401378,"bridge (post-hoc, intensity only)"
lower_tail,2.0,0,2.0,8,0.35,1,100,0.32989430147058824,0.1591613051470588,1.0,1.0,1.0,1.0,21.708409926470587,0.6686580882352942,1.0,1.0,1.0,1.0,0.03080179941783541,47918,399727,19706,717850,346335,"bridge (post-hoc, intensity only)"
lower_tail,2.0,0,2.0,8,0.35,1,101,0.32989430147058824,0.15938097426470588,1.0,1.0,1.0,1.0,21.708409926470587,0.6583180147058824,1.0,1.0,1.0,1.0,0.03032548293199259,47918,399539,19416,717850,346813,"bridge (post-hoc, intensity only)"
lower_tail,2.0,0,2.0,8,0.35,1,102,0.32989430147058824,0.15924310661764707,1.0,1.0,1.0,1.0,21.708409926470587,0.6456801470588235,1.0,1.0,1.0,1.0,0.029743318338184704,47918,400017,19238,717850,346513,"bridge (post-hoc, intensity only)"
lower_tail,2.0,1,1.937129432263008,6,0.35,1,100,0.32490716911764705,0.2049388786764706,1.0,1.0,1.0,1.0,21.375229779411764,7.198988970588235,1.0,1.0,1.0,1.0,0.3367911851652781,46440,292530,14961,706998,445947,"bridge (post-hoc, intensity only)"
lower_tail,2.0,1,1.937129432263008,6,0.35,1,101,0.32490716911764705,0.20513189338235294,1.0,1.0,1.0,1.0,21.375229779411764,7.3828125,1.0,1.0,1.0,1.0,0.3453910239183015,46440,292285,14786,706998,446367,"bridge (post-hoc, intensity only)"
lower_tail,2.0,1,1.937129432263008,6,0.35,1,102,0.32490716911764705,0.20461672794117647,1.0,1.0,1.0,1.0,21.375229779411764,7.246093749999999,1.0,1.0,1.0,1.0,0.33899489384574033,46440,293129,15063,706998,445246,"bridge (post-hoc, intensity only)"
lower_tail,2.0,1,1.937129432263008,7,0.35,1,100,0.32490716911764705,0.17876470588235294,1.0,1.0,1.0,1.0,21.375229779411764,2.335707720588235,1.0,1.0,1.0,1.0,0.10927170115560332,46440,346890,17556,706998,388992,"bridge (post-hoc, intensity only)"
lower_tail,2.0,1,1.937129432263008,7,0.35,1,101,0.32490716911764705,0.1788060661764706,1.0,1.0,1.0,1.0,21.375229779411764,2.3403033088235294,1.0,1.0,1.0,1.0,0.10948669712442892,46440,346880,17476,706998,389082,"bridge (post-hoc, intensity only)"
lower_tail,2.0,1,1.937129432263008,7,0.35,1,102,0.32490716911764705,0.17849770220588235,1.0,1.0,1.0,1.0,21.375229779411764,2.282858455882353,1.0,1.0,1.0,1.0,0.1067992475141091,46440,347451,17576,706998,388411,"bridge (post-hoc, intensity only)"
lower_tail,2.0,1,1.937129432263008,8,0.35,1,100,0.32490716911764705,0.15345220588235295,1.0,1.0,1.0,1.0,21.375229779411764,0.5916819852941176,1.0,1.0,1.0,1.0,0.027680730986294005,46440,400014,19512,706998,333912,"bridge (post-hoc, intensity only)"
lower_tail,2.0,1,1.937129432263008,8,0.35,1,101,0.32490716911764705,0.15361764705882353,1.0,1.0,1.0,1.0,21.375229779411764,0.6215533088235294,1.0,1.0,1.0,1.0,0.029078204783660307,46440,399726,19440,706998,334272,"bridge (post-hoc, intensity only)"
lower_tail,2.0,1,1.937129432263008,8,0.35,1,102,0.32490716911764705,0.1533795955882353,1.0,1.0,1.0,1.0,21.375229779411764,0.6192555147058822,1.0,1.0,1.0,1.0,0.02897070679924751,46440,400280,19404,706998,333754,"bridge (post-hoc, intensity only)"
lower_tail,2.0,2,2.0,6,0.35,1,100,0.3169908088235294,0.19748713235294119,1.0,1.0,1.0,1.0,21.32238051470588,7.60454963235294,1.0,1.0,1.0,1.0,0.356646371032922,43379,288594,14825,689772,429732,"bridge (post-hoc, intensity only)"
lower_tail,2.0,2,2.0,6,0.35,1,101,0.3169908088235294,0.19753860294117648,1.0,1.0,1.0,1.0,21.32238051470588,7.660845588235294,1.0,1.0,1.0,1.0,0.3592865994935072,43379,288441,14866,689772,429844,"bridge (post-hoc, intensity only)"
lower_tail,2.0,2,2.0,6,0.35,1,102,0.3169908088235294,0.19721691176470588,1.0,1.0,1.0,1.0,21.32238051470588,7.529871323529412,1.0,1.0,1.0,1.0,0.3531440271566356,43379,288946,15061,689772,429144,"bridge (post-hoc, intensity only)"
lower_tail,2.0,2,2.0,7,0.35,1,100,0.3169908088235294,0.17168566176470587,1.0,1.0,1.0,1.0,21.32238051470588,2.362132352941176,1.0,1.0,1.0,1.0,0.1107818309176141,43379,341938,17625,689772,373588,"bridge (post-hoc, intensity only)"
lower_tail,2.0,2,2.0,7,0.35,1,101,0.3169908088235294,0.17175597426470587,1.0,1.0,1.0,1.0,21.32238051470588,2.4977022058823524,1.0,1.0,1.0,1.0,0.11713993210841099,43379,341871,17539,689772,373741,"bridge (post-hoc, intensity only)"
lower_tail,2.0,2,2.0,7,0.35,1,102,0.3169908088235294,0.17154917279411766,1.0,1.0,1.0,1.0,21.32238051470588,2.4437040441176467,1.0,1.0,1.0,1.0,0.11460746807478851,43379,342245,17615,689772,373291,"bridge (post-hoc, intensity only)"
lower_tail,2.0,2,2.0,8,0.35,1,100,0.3169908088235294,0.14709420955882352,1.0,1.0,1.0,1.0,21.32238051470588,0.6192555147058822,1.0,1.0,1.0,1.0,0.029042513066436768,43379,393542,19532,689772,320077,"bridge (post-hoc, intensity only)"
lower_tail,2.0,2,2.0,8,0.35,1,101,0.3169908088235294,0.14737683823529413,1.0,1.0,1.0,1.0,21.32238051470588,0.6514246323529411,1.0,1.0,1.0,1.0,0.030551215043914004,43379,393206,19253,689772,320692,"bridge (post-hoc, intensity only)"
lower_tail,2.0,2,2.0,8,0.35,1,102,0.3169908088235294,0.1469765625,1.0,1.0,1.0,1.0,21.32238051470588,0.5583639705882353,1.0,1.0,1.0,1.0,0.02618675575192629,43379,393879,19451,689772,319821,"bridge (post-hoc, intensity only)"
lower_tail,2.0,3,2.0,6,0.35,1,100,0.32690257352941177,0.20789384191176472,1.0,1.0,1.0,1.0,20.552619485294116,6.910615808823529,1.0,1.0,1.0,1.0,0.33624014757672316,45541,289693,14811,711340,452377,"bridge (post-hoc, intensity only)"
lower_tail,2.0,3,2.0,6,0.35,1,101,0.32690257352941177,0.20835891544117646,1.0,1.0,1.0,1.0,20.552619485294116,7.200137867647059,1.0,1.0,1.0,1.0,0.35032701660238136,45541,288744,14748,711340,453389,"bridge (post-hoc, intensity only)"
lower_tail,2.0,3,2.0,6,0.35,1,102,0.32690257352941177,0.20775045955882354,1.0,1.0,1.0,1.0,20.552619485294116,7.103630514705881,1.0,1.0,1.0,1.0,0.3456313935938286,45541,289805,15011,711340,452065,"bridge (post-hoc, intensity only)"
lower_tail,2.0,3,2.0,7,0.35,1,100,0.32690257352941177,0.18179595588235295,1.0,1.0,1.0,1.0,20.552619485294116,2.1645220588235294,1.0,1.0,1.0,1.0,0.10531611604896865,45541,343654,17639,711340,395588,"bridge (post-hoc, intensity only)"
lower_tail,2.0,3,2.0,7,0.35,1,101,0.32690257352941177,0.1823216911764706,1.0,1.0,1.0,1.0,20.552619485294116,2.2518382352941178,1.0,1.0,1.0,1.0,0.10956453686623066,45541,342740,17409,711340,396732,"bridge (post-hoc, intensity only)"
lower_tail,2.0,3,2.0,7,0.35,1,102,0.32690257352941177,0.18182904411764705,1.0,1.0,1.0,1.0,20.552619485294116,2.282858455882353,1.0,1.0,1.0,1.0,0.11107384426183689,45541,343814,17407,711340,395660,"bridge (post-hoc, intensity only)"
lower_tail,2.0,3,2.0,8,0.35,1,100,0.32690257352941177,0.1569581801470588,1.0,1.0,1.0,1.0,20.552619485294116,0.52734375,1.0,1.0,1.0,1.0,0.025658225725306055,45541,395900,19440,711340,341541,"bridge (post-hoc, intensity only)"
lower_tail,2.0,3,2.0,8,0.35,1,101,0.32690257352941177,0.15738189338235295,1.0,1.0,1.0,1.0,20.552619485294116,0.49517463235294107,1.0,1.0,1.0,1.0,0.02409301805578847,45541,395283,19135,711340,342463,"bridge (post-hoc, intensity only)"
lower_tail,2.0,3,2.0,8,0.35,1,102,0.32690257352941177,0.15672242647058823,1.0,1.0,1.0,1.0,20.552619485294116,0.5526194852941175,1.0,1.0,1.0,1.0,0.026888031751355578,45541,396530,19323,711340,341028,"bridge (post-hoc, intensity only)"
lower_tail,2.0,4,2.0,6,0.35,1,100,0.3271700367647059,0.20811948529411764,1.0,1.0,1.0,1.0,20.952435661764707,7.178308823529411,1.0,1.0,1.0,1.0,0.3426002083676043,44731,289111,14674,711922,452868,"bridge (post-hoc, intensity only)"
lower_tail,2.0,4,2.0,6,0.35,1,101,0.3271700367647059,0.20822426470588234,1.0,1.0,1.0,1.0,20.952435661764707,7.501148897058823,1.0,1.0,1.0,1.0,0.358008444371333,44731,288807,14750,711922,453096,"bridge (post-hoc, intensity only)"
lower_tail,2.0,4,2.0,6,0.35,1,102,0.3271700367647059,0.20799448529411765,1.0,1.0,1.0,1.0,20.952435661764707,7.255284926470588,1.0,1.0,1.0,1.0,0.346274058233262,44731,289184,14873,711922,452596,"bridge (post-hoc, intensity only)"
lower_tail,2.0,4,2.0,7,0.35,1,100,0.3271700367647059,0.18198851102941177,1.0,1.0,1.0,1.0,20.952435661764707,2.198988970588235,1.0,1.0,1.0,1.0,0.10495147228162525,44731,343150,17496,711922,396007,"bridge (post-hoc, intensity only)"
lower_tail,2.0,4,2.0,7,0.35,1,101,0.3271700367647059,0.18205698529411765,1.0,1.0,1.0,1.0,20.952435661764707,2.2989430147058822,1.0,1.0,1.0,1.0,0.10972199374897186,44731,343044,17453,711922,396156,"bridge (post-hoc, intensity only)"
lower_tail,2.0,4,2.0,7,0.35,1,102,0.3271700367647059,0.18211351102941176,1.0,1.0,1.0,1.0,20.952435661764707,2.3690257352941178,1.0,1.0,1.0,1.0,0.11306684213412294,44731,343084,17290,711922,396279,"bridge (post-hoc, intensity only)"
lower_tail,2.0,4,2.0,8,0.35,1,100,0.3271700367647059,0.1568768382352941,1.0,1.0,1.0,1.0,20.952435661764707,0.5629595588235294,1.0,1.0,1.0,1.0,0.02686845424137742,44731,395789,19500,711922,341364,"bridge (post-hoc, intensity only)"
lower_tail,2.0,4,2.0,8,0.35,1,101,0.3271700367647059,0.15696599264705882,1.0,1.0,1.0,1.0,20.952435661764707,0.5618106617647058,1.0,1.0,1.0,1.0,0.02681362066129297,44731,395728,19367,711922,341558,"bridge (post-hoc, intensity only)"
lower_tail,2.0,4,2.0,8,0.35,1,102,0.3271700367647059,0.1569347426470588,1.0,1.0,1.0,1.0,20.952435661764707,0.5847886029411764,1.0,1.0,1.0,1.0,0.027910292262981848,44731,395753,19410,711922,341490,"bridge (post-hoc, intensity only)"
