mode,nominal_target_ratio,struct_seed,achieved_p10_ratio,n_rounds,p_erode,expand_vox,damage_seed,phi_Ni_pre,phi_Ni_post,P_span_pre,P_span_post,P_reach_pre,P_reach_post,tpb_pre,tpb_post,lcf_pre,lcf_post,retained_P_span,retained_P_reach,retained_tpb,voxels_added_expand,voxels_removed_erosion,voxels_removed_islands,voxels_pre,voxels_post
base,1.0,0,1.0,6,0.35,1,100,0.3298483455882353,0.21095220588235294,1.0,1.0,1.0,1.0,22.08065257352941,7.1691176470588225,1.0,1.0,1.0,1.0,0.32467870336646026,48118,292057,14779,717750,459032
base,1.0,0,1.0,6,0.35,1,101,0.3298483455882353,0.2112329963235294,1.0,1.0,1.0,1.0,22.08065257352941,7.572380514705881,1.0,1.0,1.0,1.0,0.34294188043082363,48118,291441,14784,717750,459643
base,1.0,0,1.0,6,0.35,1,102,0.3298483455882353,0.21105974264705882,1.0,1.0,1.0,1.0,22.08065257352941,7.2277113970588225,1.0,1.0,1.0,1.0,0.3273323273843592,48118,292039,14563,717750,459266
base,1.0,0,1.0,7,0.35,1,100,0.3298483455882353,0.1847909007352941,1.0,1.0,1.0,1.0,22.08065257352941,2.2690716911764706,1.0,1.0,1.0,1.0,0.10276289088922422,48118,346189,17574,717750,402105
base,1.0,0,1.0,7,0.35,1,101,0.3298483455882353,0.18493060661764707,1.0,1.0,1.0,1.0,22.08065257352941,2.5608915441176467,1.0,1.0,1.0,1.0,0.11597897913523075,48118,345994,17465,717750,402409
base,1.0,0,1.0,7,0.35,1,102,0.3298483455882353,0.1847311580882353,1.0,1.0,1.0,1.0,22.08065257352941,2.277113970588235,1.0,1.0,1.0,1.0,0.10312711379364171,48118,346410,17483,717750,401975
base,1.0,0,1.0,8,0.35,1,100,0.3298483455882353,0.15895818014705881,1.0,1.0,1.0,1.0,22.08065257352941,0.6939338235294117,1.0,1.0,1.0,1.0,0.031427233466881734,48118,398799,21176,717750,345893
base,1.0,0,1.0,8,0.35,1,101,0.3298483455882353,0.15990395220588235,1.0,1.0,1.0,1.0,22.08065257352941,0.6330422794117646,1.0,1.0,1.0,1.0,0.028669545762006348,48118,398712,19205,717750,347951
base,1.0,0,1.0,8,0.35,1,102,0.3298483455882353,0.15962086397058822,1.0,1.0,1.0,1.0,22.08065257352941,0.6215533088235294,1.0,1.0,1.0,1.0,0.028149227327124205,48118,399278,19255,717750,347335
base,1.0,1,1.0,6,0.35,1,100,0.3248198529411765,0.20477619485294118,1.0,1.0,1.0,1.0,21.623391544117645,7.101332720588235,1.0,1.0,1.0,1.0,0.3284097550608363,46513,292774,14954,706808,445593
base,1.0,1,1.0,6,0.35,1,101,0.3248198529411765,0.20491130514705883,1.0,1.0,1.0,1.0,21.623391544117645,7.649356617647058,1.0,1.0,1.0,1.0,0.35375378566494875,46513,292596,14838,706808,445887
base,1.0,1,1.0,6,0.35,1,102,0.3248198529411765,0.20443841911764707,1.0,1.0,1.0,1.0,21.623391544117645,7.416130514705881,1.0,1.0,1.0,1.0,0.34296796131980234,46513,293301,15162,706808,444858
base,1.0,1,1.0,7,0.35,1,100,0.3248198529411765,0.178640625,1.0,1.0,1.0,1.0,21.623391544117645,2.3575367647058822,1.0,1.0,1.0,1.0,0.10902715052335159,46513,347021,17578,706808,388722
base,1.0,1,1.0,7,0.35,1,101,0.3248198529411765,0.1786295955882353,1.0,1.0,1.0,1.0,21.623391544117645,2.389705882352941,1.0,1.0,1.0,1.0,0.11051485043302695,46513,347109,17514,706808,388698
base,1.0,1,1.0,7,0.35,1,102,0.3248198529411765,0.1774499080882353,1.0,1.0,1.0,1.0,21.623391544117645,2.289751838235294,1.0,1.0,1.0,1.0,0.10589235428510706,46513,347521,19669,706808,386131
base,1.0,1,1.0,8,0.35,1,100,0.3248198529411765,0.15268795955882353,1.0,1.0,1.0,1.0,21.623391544117645,0.6353400735294118,1.0,1.0,1.0,1.0,0.029382073216088416,46513,399946,21126,706808,332249
base,1.0,1,1.0,8,0.35,1,101,0.3248198529411765,0.15291314338235293,1.0,1.0,1.0,1.0,21.623391544117645,0.6479779411764705,1.0,1.0,1.0,1.0,0.0299665267520323,46513,399769,20813,706808,332739
base,1.0,1,1.0,8,0.35,1,102,0.3248198529411765,0.15266636029411765,1.0,1.0,1.0,1.0,21.623391544117645,0.6341911764705881,1.0,1.0,1.0,1.0,0.029328941076457143,46513,400171,20948,706808,332202
base,1.0,2,1.0,6,0.35,1,100,0.3169315257352941,0.19688097426470588,1.0,1.0,1.0,1.0,21.91061580882353,7.542509191176471,1.0,1.0,1.0,1.0,0.34423994546693937,43569,289654,15145,689643,428413
base,1.0,2,1.0,6,0.35,1,101,0.3169315257352941,0.19695450367647058,1.0,1.0,1.0,1.0,21.91061580882353,7.826286764705882,1.0,1.0,1.0,1.0,0.35719154737559644,43569,289616,15023,689643,428573
base,1.0,2,1.0,6,0.35,1,102,0.3169315257352941,0.19680376838235294,1.0,1.0,1.0,1.0,21.91061580882353,7.680376838235293,1.0,1.0,1.0,1.0,0.3505322216978658,43569,289787,15180,689643,428245
base,1.0,2,1.0,7,0.35,1,100,0.3169315257352941,0.17129917279411766,1.0,1.0,1.0,1.0,21.91061580882353,2.3471966911764706,1.0,1.0,1.0,1.0,0.1071260028315243,43569,342702,17763,689643,372747
base,1.0,2,1.0,7,0.35,1,101,0.3169315257352941,0.17134880514705883,1.0,1.0,1.0,1.0,21.91061580882353,2.473575367647059,1.0,1.0,1.0,1.0,0.11289392270987364,43569,342670,17687,689643,372855
base,1.0,2,1.0,7,0.35,1,102,0.3169315257352941,0.1712247242647059,1.0,1.0,1.0,1.0,21.91061580882353,2.4827665441176467,1.0,1.0,1.0,1.0,0.11331340779193538,43569,342921,17706,689643,372585
base,1.0,2,1.0,8,0.35,1,100,0.3169315257352941,0.14622426470588235,1.0,1.0,1.0,1.0,21.91061580882353,0.6295955882352942,1.0,1.0,1.0,1.0,0.02873472812123119,43569,394020,21008,689643,318184
base,1.0,2,1.0,8,0.35,1,101,0.3169315257352941,0.14721783088235293,1.0,1.0,1.0,1.0,21.91061580882353,0.590533088235294,1.0,1.0,1.0,1.0,0.02695191652246867,43569,393609,19257,689643,320346
base,1.0,2,1.0,8,0.35,1,102,0.3169315257352941,0.14685661764705882,1.0,1.0,1.0,1.0,21.91061580882353,0.5801930147058822,1.0,1.0,1.0,1.0,0.026479995805149176,43569,394161,19491,689643,319560
base,1.0,3,1.0,6,0.35,1,100,0.3268065257352941,0.2066236213235294,1.0,1.0,1.0,1.0,20.99379595588235,6.861213235294117,1.0,1.0,1.0,1.0,0.32682099272150167,45679,289813,17384,711131,449613
base,1.0,3,1.0,6,0.35,1,101,0.3268065257352941,0.2070482536764706,1.0,1.0,1.0,1.0,20.99379595588235,7.2472426470588225,1.0,1.0,1.0,1.0,0.34520877797843813,45679,288986,17287,711131,450537
base,1.0,3,1.0,6,0.35,1,102,0.3268065257352941,0.20548345588235295,1.0,1.0,1.0,1.0,20.99379595588235,7.184053308823529,1.0,1.0,1.0,1.0,0.342198872653642,45679,289400,20278,711131,447132
base,1.0,3,1.0,7,0.35,1,100,0.3268065257352941,0.17997886029411764,1.0,1.0,1.0,1.0,20.99379595588235,2.1438419117647056,1.0,1.0,1.0,1.0,0.10211787883762928,45679,343538,21638,711131,391634
base,1.0,3,1.0,7,0.35,1,101,0.3268065257352941,0.1805032169117647,1.0,1.0,1.0,1.0,20.99379595588235,2.281709558823529,1.0,1.0,1.0,1.0,0.10868494500082088,45679,342718,21317,711131,392775
base,1.0,3,1.0,7,0.35,1,102,0.3268065257352941,0.18032352941176472,1.0,1.0,1.0,1.0,20.99379595588235,2.302389705882353,1.0,1.0,1.0,1.0,0.10967000492529963,45679,343097,21329,711131,392384
base,1.0,3,1.0,8,0.35,1,100,0.3268065257352941,0.15577251838235295,1.0,1.0,1.0,1.0,20.99379595588235,0.5238970588235293,1.0,1.0,1.0,1.0,0.024954851420128054,45679,395575,22274,711131,338961
base,1.0,3,1.0,8,0.35,1,101,0.3268065257352941,0.15620634191176472,1.0,1.0,1.0,1.0,20.99379595588235,0.5170036764705882,1.0,1.0,1.0,1.0,0.02462649811196848,45679,394922,21983,711131,339905
base,1.0,3,1.0,8,0.35,1,102,0.3268065257352941,0.1557734375,1.0,1.0,1.0,1.0,20.99379595588235,0.5675551470588235,1.0,1.0,1.0,1.0,0.027034422371805394,45679,395573,22274,711131,338963
base,1.0,4,1.0,6,0.35,1,100,0.32709742647058826,0.20795266544117647,1.0,1.0,1.0,1.0,21.216681985294116,7.319623161764706,1.0,1.0,1.0,1.0,0.3449937726755835,44436,288974,14721,711764,452505
base,1.0,4,1.0,6,0.35,1,101,0.32709742647058826,0.2081829044117647,1.0,1.0,1.0,1.0,21.216681985294116,7.597656249999999,1.0,1.0,1.0,1.0,0.35809822927383983,44436,288451,14743,711764,453006
base,1.0,4,1.0,6,0.35,1,102,0.32709742647058826,0.20805147058823528,1.0,1.0,1.0,1.0,21.216681985294116,7.372472426470588,1.0,1.0,1.0,1.0,0.3474847024421942,44436,288565,14915,711764,452720
base,1.0,4,1.0,7,0.35,1,100,0.32709742647058826,0.1820358455882353,1.0,1.0,1.0,1.0,21.216681985294116,2.3000919117647056,1.0,1.0,1.0,1.0,0.10840959549466615,44436,342650,17440,711764,396110
base,1.0,4,1.0,7,0.35,1,101,0.32709742647058826,0.18215027573529413,1.0,1.0,1.0,1.0,21.216681985294116,2.3046874999999996,1.0,1.0,1.0,1.0,0.10862619808306707,44436,342364,17477,711764,396359
base,1.0,4,1.0,7,0.35,1,102,0.32709742647058826,0.18227757352941176,1.0,1.0,1.0,1.0,21.216681985294116,2.4437040441176467,1.0,1.0,1.0,1.0,0.11517842638219526,44436,342234,17330,711764,396636
base,1.0,4,1.0,8,0.35,1,100,0.32709742647058826,0.15640625,1.0,1.0,1.0,1.0,21.216681985294116,0.5813419117647058,1.0,1.0,1.0,1.0,0.027400227432717823,44436,394939,20921,711764,340340
base,1.0,4,1.0,8,0.35,1,101,0.32709742647058826,0.15722288602941176,1.0,1.0,1.0,1.0,21.216681985294116,0.5583639705882353,1.0,1.0,1.0,1.0,0.026317214490713167,44436,394797,19286,711764,342117
base,1.0,4,1.0,8,0.35,1,102,0.32709742647058826,0.15721507352941178,1.0,1.0,1.0,1.0,21.216681985294116,0.5928308823529411,1.0,1.0,1.0,1.0,0.02794173390372015,44436,394750,19350,711764,342100
lower_tail,1.5,0,1.333333372807931,6,0.35,1,100,0.3299457720588235,0.2108377757352941,1.0,1.0,1.0,1.0,21.948529411764703,7.159926470588235,1.0,1.0,1.0,1.0,0.326214405360134,47965,292349,14795,717962,458783
lower_tail,1.5,0,1.333333372807931,6,0.35,1,101,0.3299457720588235,0.21110707720588234,1.0,1.0,1.0,1.0,21.948529411764703,7.511488970588235,1.0,1.0,1.0,1.0,0.3422319932998325,47965,291695,14863,717962,459369
lower_tail,1.5,0,1.333333372807931,6,0.35,1,102,0.3299457720588235,0.21093198529411764,1.0,1.0,1.0,1.0,21.948529411764703,7.275965073529411,1.0,1.0,1.0,1.0,0.33150125628140703,47965,292365,14574,717962,458988
lower_tail,1.5,0,1.333333372807931,7,0.35,1,100,0.3299457720588235,0.18459329044117648,1.0,1.0,1.0,1.0,21.948529411764703,2.297794117647059,1.0,1.0,1.0,1.0,0.10469011725293134,47965,346620,17632,717962,401675
lower_tail,1.5,0,1.333333372807931,7,0.35,1,101,0.3299457720588235,0.18474816176470588,1.0,1.0,1.0,1.0,21.948529411764703,2.5390625,1.0,1.0,1.0,1.0,0.11568257956448913,47965,346369,17546,717962,402012
lower_tail,1.5,0,1.333333372807931,7,0.35,1,102,0.3299457720588235,0.1845220588235294,1.0,1.0,1.0,1.0,21.948529411764703,2.3265165441176467,1.0,1.0,1.0,1.0,0.10599874371859297,47965,346856,17551,717962,401520
lower_tail,1.5,0,1.333333372807931,8,0.35,1,100,0.3299457720588235,0.15869025735294118,1.0,1.0,1.0,1.0,21.948529411764703,0.666360294117647,1.0,1.0,1.0,1.0,0.030360134003350085,47965,399364,21253,717962,345310
lower_tail,1.5,0,1.333333372807931,8,0.35,1,101,0.3299457720588235,0.15968933823529413,1.0,1.0,1.0,1.0,21.948529411764703,0.6433823529411764,1.0,1.0,1.0,1.0,0.02931323283082077,47965,399173,19270,717962,347484
lower_tail,1.5,0,1.333333372807931,8,0.35,1,102,0.3299457720588235,0.15932858455882354,1.0,1.0,1.0,1.0,21.948529411764703,0.6227022058823529,1.0,1.0,1.0,1.0,0.028371021775544392,47965,399861,19367,717962,346699
lower_tail,1.5,1,1.6142746033532454,6,0.35,1,100,0.3248855698529412,0.20482444852941176,1.0,1.0,1.0,1.0,21.490119485294116,7.104779411764706,1.0,1.0,1.0,1.0,0.3306067896284416,46418,292795,14876,706951,445698
lower_tail,1.5,1,1.6142746033532454,6,0.35,1,101,0.3248855698529412,0.2050045955882353,1.0,1.0,1.0,1.0,21.490119485294116,7.542509191176471,1.0,1.0,1.0,1.0,0.35097567495322113,46418,292466,14813,706951,446090
lower_tail,1.5,1,1.6142746033532454,6,0.35,1,102,0.3248855698529412,0.20450045955882354,1.0,1.0,1.0,1.0,21.490119485294116,7.342601102941176,1.0,1.0,1.0,1.0,0.3416733493718257,46418,293302,15074,706951,444993
lower_tail,1.5,1,1.6142746033532454,7,0.35,1,100,0.3248855698529412,0.17856847426470587,1.0,1.0,1.0,1.0,21.490119485294116,2.3368566176470584,1.0,1.0,1.0,1.0,0.10874097834803527,46418,347221,17583,706951,388565
lower_tail,1.5,1,1.6142746033532454,7,0.35,1,101,0.3248855698529412,0.17864613970588236,1.0,1.0,1.0,1.0,21.490119485294116,2.3701746323529407,1.0,1.0,1.0,1.0,0.1102913659449345,46418,347079,17556,706951,388734
lower_tail,1.5,1,1.6142746033532454,7,0.35,1,102,0.3248855698529412,0.17839154411764707,1.0,1.0,1.0,1.0,21.490119485294116,2.3104319852941173,1.0,1.0,1.0,1.0,0.10751136059877038,46418,347580,17609,706951,388180
lower_tail,1.5,1,1.6142746033532454,8,0.35,1,100,0.3248855698529412,0.15251011029411765,1.0,1.0,1.0,1.0,21.490119485294116,0.6169577205882353,1.0,1.0,1.0,1.0,0.028708901363271856,46418,400334,21173,706951,331862
lower_tail,1.5,1,1.6142746033532454,8,0.35,1,101,0.3248855698529412,0.15348943014705882,1.0,1.0,1.0,1.0,21.490119485294116,0.6571691176470588,1.0,1.0,1.0,1.0,0.0305800588078054,46418,399847,19529,706951,333993
lower_tail,1.5,1,1.6142746033532454,8,0.35,1,102,0.3248855698529412,0.15329917279411764,1.0,1.0,1.0,1.0,21.490119485294116,0.6364889705882353,1.0,1.0,1.0,1.0,0.029617749264902436,46418,400333,19457,706951,333579
lower_tail,1.5,2,1.333333372807931,6,0.35,1,100,0.3169829963235294,0.19692233455882352,1.0,1.0,1.0,1.0,21.692325367647058,7.607996323529411,1.0,1.0,1.0,1.0,0.35072294899634554,43435,289588,15099,689755,428503
lower_tail,1.5,2,1.333333372807931,6,0.35,1,101,0.3169829963235294,0.19704457720588237,1.0,1.0,1.0,1.0,21.692325367647058,7.7585018382352935,1.0,1.0,1.0,1.0,0.3576611408294052,43435,289361,15060,689755,428769
lower_tail,1.5,2,1.333333372807931,6,0.35,1,102,0.3169829963235294,0.19678722426470588,1.0,1.0,1.0,1.0,21.692325367647058,7.581571691176469,1.0,1.0,1.0,1.0,0.3495047931783274,43435,289840,15141,689755,428209
lower_tail,1.5,2,1.333333372807931,7,0.35,1,100,0.3169829963235294,0.17123805147058824,1.0,1.0,1.0,1.0,21.692325367647058,2.3403033088235294,1.0,1.0,1.0,1.0,0.1078862348392564,43435,342816,17760,689755,372614
lower_tail,1.5,2,1.333333372807931,7,0.35,1,101,0.3169829963235294,0.17136580882352942,1.0,1.0,1.0,1.0,21.692325367647058,2.4253216911764706,1.0,1.0,1.0,1.0,0.11180551877548858,43435,342610,17688,689755,372892
lower_tail,1.5,2,1.333333372807931,7,0.35,1,102,0.3169829963235294,0.17114935661764705,1.0,1.0,1.0,1.0,21.692325367647058,2.485064338235294,1.0,1.0,1.0,1.0,0.11455961019013823,43435,343059,17710,689755,372421
lower_tail,1.5,2,1.333333372807931,8,0.35,1,100,0.3169829963235294,0.1461185661764706,1.0,1.0,1.0,1.0,21.692325367647058,0.6146599264705882,1.0,1.0,1.0,1.0,0.02833536359303003,43435,394187,21049,689755,317954
lower_tail,1.5,2,1.333333372807931,8,0.35,1,101,0.3169829963235294,0.14713832720588235,1.0,1.0,1.0,1.0,21.692325367647058,0.6066176470588235,1.0,1.0,1.0,1.0,0.02796462051798104,43435,393683,19334,689755,320173
lower_tail,1.5,2,1.333333372807931,8,0.35,1,102,0.3169829963235294,0.1466544117647059,1.0,1.0,1.0,1.0,21.692325367647058,0.5595128676470588,1.0,1.0,1.0,1.0,0.025793125364122663,43435,394455,19615,689755,319120
lower_tail,1.5,3,1.333333372807931,6,0.35,1,100,0.3268740808823529,0.20773851102941177,1.0,1.0,1.0,1.0,20.832950367647058,6.969209558823528,1.0,1.0,1.0,1.0,0.334528208239122,45661,289983,14917,711278,452039
lower_tail,1.5,3,1.333333372807931,6,0.35,1,101,0.3268740808823529,0.2082173713235294,1.0,1.0,1.0,1.0,20.832950367647058,7.3517922794117645,1.0,1.0,1.0,1.0,0.3528925164065516,45661,289049,14809,711278,453081
lower_tail,1.5,3,1.333333372807931,6,0.35,1,102,0.3268740808823529,0.20780422794117648,1.0,1.0,1.0,1.0,20.832950367647058,7.2346047794117645,1.0,1.0,1.0,1.0,0.3472674130039155,45661,289656,15101,711278,452182
lower_tail,1.5,3,1.333333372807931,7,0.35,1,100,0.3268740808823529,0.18173345588235293,1.0,1.0,1.0,1.0,20.832950367647058,2.204733455882353,1.0,1.0,1.0,1.0,0.10582915127116307,45661,343837,17650,711278,395452
lower_tail,1.5,3,1.333333372807931,7,0.35,1,101,0.3268740808823529,0.18130055147058824,1.0,1.0,1.0,1.0,20.832950367647058,2.281709558823529,1.0,1.0,1.0,1.0,0.10952407213367892,45661,342928,19501,711278,394510
lower_tail,1.5,3,1.333333372807931,7,0.35,1,102,0.3268740808823529,0.18202665441176472,1.0,1.0,1.0,1.0,20.832950367647058,2.3012408088235294,1.0,1.0,1.0,1.0,0.11046158936745161,45661,343461,17388,711278,396090
lower_tail,1.5,3,1.333333372807931,8,0.35,1,100,0.3268740808823529,0.15556204044117647,1.0,1.0,1.0,1.0,20.832950367647058,0.5365349264705882,1.0,1.0,1.0,1.0,0.025754149892461258,45661,395997,22439,711278,338503
lower_tail,1.5,3,1.333333372807931,8,0.35,1,101,0.3268740808823529,0.1560592830882353,1.0,1.0,1.0,1.0,20.832950367647058,0.5135569852941175,1.0,1.0,1.0,1.0,0.024651188440963985,45661,395264,22090,711278,339585
lower_tail,1.5,3,1.333333372807931,8,0.35,1,102,0.3268740808823529,0.15631709558823528,1.0,1.0,1.0,1.0,20.832950367647058,0.5744485294117647,1.0,1.0,1.0,1.0,0.027574036287431755,45661,396018,20775,711278,340146
lower_tail,1.5,4,1.333333372807931,6,0.35,1,100,0.32715670955882353,0.20792601102941177,1.0,1.0,1.0,1.0,21.10753676470588,7.300091911764706,1.0,1.0,1.0,1.0,0.34585238406270413,44565,289319,14692,711893,452447
lower_tail,1.5,4,1.333333372807931,6,0.35,1,101,0.32715670955882353,0.20811488970588235,1.0,1.0,1.0,1.0,21.10753676470588,7.627527573529411,1.0,1.0,1.0,1.0,0.3613651208360549,44565,288819,14781,711893,452858
lower_tail,1.5,4,1.333333372807931,6,0.35,1,102,0.32715670955882353,0.20802435661764707,1.0,1.0,1.0,1.0,21.10753676470588,7.36328125,1.0,1.0,1.0,1.0,0.3488460701066841,44565,288910,14887,711893,452661
lower_tail,1.5,4,1.333333372807931,7,0.35,1,100,0.32715670955882353,0.1818965992647059,1.0,1.0,1.0,1.0,21.10753676470588,2.258731617647059,1.0,1.0,1.0,1.0,0.10701066840844765,44565,343140,17511,711893,395807
lower_tail,1.5,4,1.333333372807931,7,0.35,1,101,0.32715670955882353,0.182,1.0,1.0,1.0,1.0,21.10753676470588,2.2989430147058822,1.0,1.0,1.0,1.0,0.1089157413455258,44565,342917,17509,711893,396032
lower_tail,1.5,4,1.333333372807931,7,0.35,1,102,0.32715670955882353,0.18215579044117647,1.0,1.0,1.0,1.0,21.10753676470588,2.4172794117647056,1.0,1.0,1.0,1.0,0.1145220988460701,44565,342742,17345,711893,396371
lower_tail,1.5,4,1.333333372807931,8,0.35,1,100,0.32715670955882353,0.1561966911764706,1.0,1.0,1.0,1.0,21.10753676470588,0.5732996323529411,1.0,1.0,1.0,1.0,0.02716089701720009,44565,395524,21050,711893,339884
lower_tail,1.5,4,1.333333372807931,8,0.35,1,101,0.32715670955882353,0.15699908088235295,1.0,1.0,1.0,1.0,21.10753676470588,0.5687040441176471,1.0,1.0,1.0,1.0,0.026943174395819728,44565,395447,19381,711893,341630
lower_tail,1.5,4,1.333333372807931,8,0.35,1,102,0.32715670955882353,0.1569940257352941,1.0,1.0,1.0,1.0,21.10753676470588,0.5962775735294118,1.0,1.0,1.0,1.0,0.028249510124101897,44565,395332,19507,711893,341619
lower_tail,2.0,0,2.0,6,0.35,1,100,0.32989430147058824,0.21083455882352942,1.0,1.0,1.0,1.0,21.708409926470587,7.03469669117647,1.0,1.0,1.0,1.0,0.3240539825350622,47918,292341,14651,717850,458776
lower_tail,2.0,0,2.0,6,0.35,1,101,0.32989430147058824,0.21099356617647058,1.0,1.0,1.0,1.0,21.708409926470587,7.441406249999999,1.0,1.0,1.0,1.0,0.3427890976448796,47918,291744,14902,717850,459122
lower_tail,2.0,0,2.0,6,0.35,1,102,0.32989430147058824,0.21087545955882353,1.0,1.0,1.0,1.0,21.708409926470587,7.281709558823529,1.0,1.0,1.0,1.0,0.33543265414130724,47918,292328,14575,717850,458865
lower_tail,2.0,0,2.0,7,0.35,1,100,0.32989430147058824,0.18454963235294117,1.0,1.0,1.0,1.0,21.708409926470587,2.2346047794117645,1.0,1.0,1.0,1.0,0.10293728499603069,47918,346691,17497,717850,401580
lower_tail,2.0,0,2.0,7,0.35,1,101,0.32989430147058824,0.1846185661764706,1.0,1.0,1.0,1.0,21.708409926470587,2.578125,1.0,1.0,1.0,1.0,0.11876157713680868,47918,346535,17503,717850,401730
lower_tail,2.0,0,2.0,7,0.35,1,102,0.32989430147058824,0.18445680147058824,1.0,1.0,1.0,1.0,21.708409926470587,2.4172794117647056,1.0,1.0,1.0,1.0,0.11135220957925376,47918,346878,17512,717850,401378
lower_tail,2.0,0,2.0,8,0.35,1,100,0.32989430147058824,0.1591613051470588,1.0,1.0,1.0,1.0,21.708409926470587,0.6686580882352942,1.0,1.0,1.0,1.0,0.03080179941783541,47918,399727,19706,717850,346335
lower_tail,2.0,0,2.0,8,0.35,1,101,0.32989430147058824,0.15938097426470588,1.0,1.0,1.0,1.0,21.708409926470587,0.6583180147058824,1.0,1.0,1.0,1.0,0.03032548293199259,47918,399539,19416,717850,346813
lower_tail,2.0,0,2.0,8,0.35,1,102,0.32989430147058824,0.15924310661764707,1.0,1.0,1.0,1.0,21.708409926470587,0.6456801470588235,1.0,1.0,1.0,1.0,0.029743318338184704,47918,400017,19238,717850,346513
lower_tail,2.0,1,1.937129432263008,6,0.35,1,100,0.32490716911764705,0.2049388786764706,1.0,1.0,1.0,1.0,21.375229779411764,7.198988970588235,1.0,1.0,1.0,1.0,0.3367911851652781,46440,292530,14961,706998,445947
lower_tail,2.0,1,1.937129432263008,6,0.35,1,101,0.32490716911764705,0.20513189338235294,1.0,1.0,1.0,1.0,21.375229779411764,7.3828125,1.0,1.0,1.0,1.0,0.3453910239183015,46440,292285,14786,706998,446367
lower_tail,2.0,1,1.937129432263008,6,0.35,1,102,0.32490716911764705,0.20461672794117647,1.0,1.0,1.0,1.0,21.375229779411764,7.246093749999999,1.0,1.0,1.0,1.0,0.33899489384574033,46440,293129,15063,706998,445246
lower_tail,2.0,1,1.937129432263008,7,0.35,1,100,0.32490716911764705,0.17876470588235294,1.0,1.0,1.0,1.0,21.375229779411764,2.335707720588235,1.0,1.0,1.0,1.0,0.10927170115560332,46440,346890,17556,706998,388992
lower_tail,2.0,1,1.937129432263008,7,0.35,1,101,0.32490716911764705,0.1788060661764706,1.0,1.0,1.0,1.0,21.375229779411764,2.3403033088235294,1.0,1.0,1.0,1.0,0.10948669712442892,46440,346880,17476,706998,389082
lower_tail,2.0,1,1.937129432263008,7,0.35,1,102,0.32490716911764705,0.17849770220588235,1.0,1.0,1.0,1.0,21.375229779411764,2.282858455882353,1.0,1.0,1.0,1.0,0.1067992475141091,46440,347451,17576,706998,388411
lower_tail,2.0,1,1.937129432263008,8,0.35,1,100,0.32490716911764705,0.15345220588235295,1.0,1.0,1.0,1.0,21.375229779411764,0.5916819852941176,1.0,1.0,1.0,1.0,0.027680730986294005,46440,400014,19512,706998,333912
lower_tail,2.0,1,1.937129432263008,8,0.35,1,101,0.32490716911764705,0.15361764705882353,1.0,1.0,1.0,1.0,21.375229779411764,0.6215533088235294,1.0,1.0,1.0,1.0,0.029078204783660307,46440,399726,19440,706998,334272
lower_tail,2.0,1,1.937129432263008,8,0.35,1,102,0.32490716911764705,0.1533795955882353,1.0,1.0,1.0,1.0,21.375229779411764,0.6192555147058822,1.0,1.0,1.0,1.0,0.02897070679924751,46440,400280,19404,706998,333754
lower_tail,2.0,2,2.0,6,0.35,1,100,0.3169908088235294,0.19748713235294119,1.0,1.0,1.0,1.0,21.32238051470588,7.60454963235294,1.0,1.0,1.0,1.0,0.356646371032922,43379,288594,14825,689772,429732
lower_tail,2.0,2,2.0,6,0.35,1,101,0.3169908088235294,0.19753860294117648,1.0,1.0,1.0,1.0,21.32238051470588,7.660845588235294,1.0,1.0,1.0,1.0,0.3592865994935072,43379,288441,14866,689772,429844
lower_tail,2.0,2,2.0,6,0.35,1,102,0.3169908088235294,0.19721691176470588,1.0,1.0,1.0,1.0,21.32238051470588,7.529871323529412,1.0,1.0,1.0,1.0,0.3531440271566356,43379,288946,15061,689772,429144
lower_tail,2.0,2,2.0,7,0.35,1,100,0.3169908088235294,0.17168566176470587,1.0,1.0,1.0,1.0,21.32238051470588,2.362132352941176,1.0,1.0,1.0,1.0,0.1107818309176141,43379,341938,17625,689772,373588
lower_tail,2.0,2,2.0,7,0.35,1,101,0.3169908088235294,0.17175597426470587,1.0,1.0,1.0,1.0,21.32238051470588,2.4977022058823524,1.0,1.0,1.0,1.0,0.11713993210841099,43379,341871,17539,689772,373741
lower_tail,2.0,2,2.0,7,0.35,1,102,0.3169908088235294,0.17154917279411766,1.0,1.0,1.0,1.0,21.32238051470588,2.4437040441176467,1.0,1.0,1.0,1.0,0.11460746807478851,43379,342245,17615,689772,373291
lower_tail,2.0,2,2.0,8,0.35,1,100,0.3169908088235294,0.14709420955882352,1.0,1.0,1.0,1.0,21.32238051470588,0.6192555147058822,1.0,1.0,1.0,1.0,0.029042513066436768,43379,393542,19532,689772,320077
lower_tail,2.0,2,2.0,8,0.35,1,101,0.3169908088235294,0.14737683823529413,1.0,1.0,1.0,1.0,21.32238051470588,0.6514246323529411,1.0,1.0,1.0,1.0,0.030551215043914004,43379,393206,19253,689772,320692
lower_tail,2.0,2,2.0,8,0.35,1,102,0.3169908088235294,0.1469765625,1.0,1.0,1.0,1.0,21.32238051470588,0.5583639705882353,1.0,1.0,1.0,1.0,0.02618675575192629,43379,393879,19451,689772,319821
lower_tail,2.0,3,2.0,6,0.35,1,100,0.32690257352941177,0.20789384191176472,1.0,1.0,1.0,1.0,20.552619485294116,6.910615808823529,1.0,1.0,1.0,1.0,0.33624014757672316,45541,289693,14811,711340,452377
lower_tail,2.0,3,2.0,6,0.35,1,101,0.32690257352941177,0.20835891544117646,1.0,1.0,1.0,1.0,20.552619485294116,7.200137867647059,1.0,1.0,1.0,1.0,0.35032701660238136,45541,288744,14748,711340,453389
lower_tail,2.0,3,2.0,6,0.35,1,102,0.32690257352941177,0.20775045955882354,1.0,1.0,1.0,1.0,20.552619485294116,7.103630514705881,1.0,1.0,1.0,1.0,0.3456313935938286,45541,289805,15011,711340,452065
lower_tail,2.0,3,2.0,7,0.35,1,100,0.32690257352941177,0.18179595588235295,1.0,1.0,1.0,1.0,20.552619485294116,2.1645220588235294,1.0,1.0,1.0,1.0,0.10531611604896865,45541,343654,17639,711340,395588
lower_tail,2.0,3,2.0,7,0.35,1,101,0.32690257352941177,0.1823216911764706,1.0,1.0,1.0,1.0,20.552619485294116,2.2518382352941178,1.0,1.0,1.0,1.0,0.10956453686623066,45541,342740,17409,711340,396732
lower_tail,2.0,3,2.0,7,0.35,1,102,0.32690257352941177,0.18182904411764705,1.0,1.0,1.0,1.0,20.552619485294116,2.282858455882353,1.0,1.0,1.0,1.0,0.11107384426183689,45541,343814,17407,711340,395660
lower_tail,2.0,3,2.0,8,0.35,1,100,0.32690257352941177,0.1569581801470588,1.0,1.0,1.0,1.0,20.552619485294116,0.52734375,1.0,1.0,1.0,1.0,0.025658225725306055,45541,395900,19440,711340,341541
lower_tail,2.0,3,2.0,8,0.35,1,101,0.32690257352941177,0.15738189338235295,1.0,1.0,1.0,1.0,20.552619485294116,0.49517463235294107,1.0,1.0,1.0,1.0,0.02409301805578847,45541,395283,19135,711340,342463
lower_tail,2.0,3,2.0,8,0.35,1,102,0.32690257352941177,0.15672242647058823,1.0,1.0,1.0,1.0,20.552619485294116,0.5526194852941175,1.0,1.0,1.0,1.0,0.026888031751355578,45541,396530,19323,711340,341028
lower_tail,2.0,4,2.0,6,0.35,1,100,0.3271700367647059,0.20811948529411764,1.0,1.0,1.0,1.0,20.952435661764707,7.178308823529411,1.0,1.0,1.0,1.0,0.3426002083676043,44731,289111,14674,711922,452868
lower_tail,2.0,4,2.0,6,0.35,1,101,0.3271700367647059,0.20822426470588234,1.0,1.0,1.0,1.0,20.952435661764707,7.501148897058823,1.0,1.0,1.0,1.0,0.358008444371333,44731,288807,14750,711922,453096
lower_tail,2.0,4,2.0,6,0.35,1,102,0.3271700367647059,0.20799448529411765,1.0,1.0,1.0,1.0,20.952435661764707,7.255284926470588,1.0,1.0,1.0,1.0,0.346274058233262,44731,289184,14873,711922,452596
lower_tail,2.0,4,2.0,7,0.35,1,100,0.3271700367647059,0.18198851102941177,1.0,1.0,1.0,1.0,20.952435661764707,2.198988970588235,1.0,1.0,1.0,1.0,0.10495147228162525,44731,343150,17496,711922,396007
lower_tail,2.0,4,2.0,7,0.35,1,101,0.3271700367647059,0.18205698529411765,1.0,1.0,1.0,1.0,20.952435661764707,2.2989430147058822,1.0,1.0,1.0,1.0,0.10972199374897186,44731,343044,17453,711922,396156
lower_tail,2.0,4,2.0,7,0.35,1,102,0.3271700367647059,0.18211351102941176,1.0,1.0,1.0,1.0,20.952435661764707,2.3690257352941178,1.0,1.0,1.0,1.0,0.11306684213412294,44731,343084,17290,711922,396279
lower_tail,2.0,4,2.0,8,0.35,1,100,0.3271700367647059,0.1568768382352941,1.0,1.0,1.0,1.0,20.952435661764707,0.5629595588235294,1.0,1.0,1.0,1.0,0.02686845424137742,44731,395789,19500,711922,341364
lower_tail,2.0,4,2.0,8,0.35,1,101,0.3271700367647059,0.15696599264705882,1.0,1.0,1.0,1.0,20.952435661764707,0.5618106617647058,1.0,1.0,1.0,1.0,0.02681362066129297,44731,395728,19367,711922,341558
lower_tail,2.0,4,2.0,8,0.35,1,102,0.3271700367647059,0.1569347426470588,1.0,1.0,1.0,1.0,20.952435661764707,0.5847886029411764,1.0,1.0,1.0,1.0,0.027910292262981848,44731,395753,19410,711922,341490
